Q Predictions Std,Log Pis Min,Log Pis Mean,Z mean eval,Number of rollouts total,AverageReturn_all_test_tasks,Epoch,Policy log std Std,Policy mu Max,V Predictions Std,Log Pis Max,Q Predictions Mean,Q Predictions Min,KL Loss,Sample Time (s),QF Loss,AverageReturn_all_train_tasks,Log Pis Std,Q Predictions Max,Number of env steps total,Policy Loss,Epoch Time (s),Train Time (s),Policy log std Min,Policy mu Min,Policy log std Mean,Z variance eval,V Predictions Mean,Number of train steps total,Z mean train,Total Train Time (s),(Previous) Eval Time (s),Policy mu Mean,Z variance train,V Predictions Max,Policy mu Std,VF Loss,Policy log std Max,AverageTrainReturn_all_train_tasks,KL Divergence,V Predictions Min
0.0751584,-14.6572,-11.3374,0.0230128,0,287.455942422,0,0.0149721,0.144568,0.0237988,-7.92184,0.0559881,-0.0512217,19.65220069885254,210.57652341481298,1167.17,292.666712994,0.907144,0.897254,206318,-11.4753,508.9879967379384,298.4114733231254,-0.188423,-0.338319,-0.000391422,0.29942,-0.0108594,4000,0.0225135,585.3944652741775,0,-0.00769313,0.00271407,0.190335,0.0186934,132.784,0.202023,291.434080111,196.52200317382812,-0.23744
171.158,-17.9177,-4.47692,3.15849,0,308.679852256,1,0.154086,2.46152,160.89,15.0237,461.349,14.5348,0.024797065183520317,6.742206760216504,1061.16,321.756883348,5.362,640.799,211667,-495.866,370.8548756893724,287.7045453200117,-0.7366,-1.50132,-0.244426,0.207858,491.517,8000,0.0247424,949.9770734058693,76.40812360914424,0.353917,0.895374,650.591,0.697474,241.276,-0.0174022,321.458347822,0.24797064065933228,21.4258
333.072,-15.9188,-3.68162,4.17579,0,248.038744136,2,0.159536,3.16034,299.008,30.1522,850.497,5.72241,6.0024518966674805,6.116185447666794,2458.47,257.091232594,8.82987,1122.8,217046,-895.198,359.9105993206613,283.65847565513104,-0.957973,-3.08934,-0.26672,0.150048,898.984,12000,0.0542242,1306.5636027026922,70.13593821786344,0.25638,0.356804,1142.78,0.794325,631.227,0.123972,254.870083046,60.02451705932617,28.9778
453.579,-18.0362,-2.27041,0.368191,0,294.736621912,3,0.169937,3.40241,411.645,36.3799,1085.59,5.24242,7.502183437347412,6.054611436557025,3491.38,287.009735033,8.67361,1491.79,222376,-1135.5,354.8816886502318,282.0150451436639,-1.47544,-3.15463,-0.307321,0.0499982,1119.61,16000,0.126342,1662.040154542774,66.8120320700109,0.341887,0.317601,1480.05,0.83863,1418.96,0.0890333,274.805803831,75.02183532714844,11.399
523.429,-17.7937,-1.46969,1.4164,0,394.163557874,4,0.178492,3.90111,486.451,41.5955,1216.27,-1.46059,15.1933012008667,5.706516105681658,3854.19,421.478663795,8.93639,1718.45,227810,-1282.4,352.505426177755,279.39195220405236,-1.82663,-4.85801,-0.324898,0.0751381,1294.7,20000,0.119918,2022.04836857412,67.40695786802098,0.217921,0.225299,1743.16,0.915958,1538.43,0.0221497,414.151960055,151.93301391601562,-15.2098
581.937,-19.1281,-0.971926,1.88146,0,310.107446638,5,0.182059,4.02915,542.21,40.5694,1313.45,-7.54123,5.310291290283203,6.007263709791005,4077.94,307.91844451,9.01668,1864.52,233202,-1384.74,359.8773924955167,278.960244175978,-1.85066,-4.31308,-0.330743,0.0351126,1368.37,24000,0.0994899,2376.1045751189813,74.90988460974768,0.174953,0.149042,1865.31,0.948068,2258.65,0.057806,331.441684511,53.10291290283203,-1.86633
618.913,-18.3548,-0.558286,3.23757,0,395.570301006,6,0.188899,3.78171,589.955,48.2557,1318.03,-16.6458,13.685040473937988,6.288972984068096,3127.84,412.794267087,9.26712,1976.59,238705,-1380.91,353.4890848957002,278.111189970281,-1.91204,-4.38044,-0.345011,0.0385748,1389.89,28000,0.688378,2731.2925067911856,69.08892194135115,0.233439,0.151188,2002.72,0.951043,1514.38,0.173259,422.482308335,136.85040283203125,-3.5002
655.125,-18.5957,0.359758,1.64186,0,290.541651388,7,0.194619,4.11509,617.902,44.2673,1398.32,1.73761,12.541735649108887,6.271448934450746,3584.71,291.093929954,10.2431,2073.38,244175,-1481.96,360.02180084353313,282.96235995320603,-2.24421,-4.20448,-0.365731,0.0497178,1471.48,32000,0.350924,3085.178815921303,70.78799195587635,0.177866,0.0846584,2087.53,1.01342,1814.32,0.0771103,281.505406537,125.4173583984375,1.80109
688.714,-16.3961,0.762082,1.29224,0,294.4809031,8,0.200318,4.88212,657.078,47.4428,1417.23,-0.633819,19.538835525512695,6.107777810655534,4413.1,290.643170262,10.139,2229.81,249539,-1490.54,348.26712669664994,277.5066905412823,-2.76134,-5.71688,-0.377821,0.114303,1489.19,36000,0.536095,3431.751333294902,64.65265834471211,0.0542325,0.143121,2239.17,1.03769,1742.03,0.0373792,284.161782651,195.3883514404297,1.41691
748.829,-15.4073,2.70367,0.765272,0,309.669376953,9,0.204301,4.90648,718.335,52.2024,1533.64,6.70055,13.144022941589355,5.7521563856862485,3481.85,305.879775443,9.84287,2441.29,254812,-1616.78,345.44119619671255,276.7307948130183,-1.96033,-5.11913,-0.408056,0.0633452,1631.99,40000,0.38368,3780.579504756257,62.95824499800801,0.145979,0.111954,2478.54,1.10611,1904.21,0.0515989,290.694176648,131.4402313232422,-0.42492
776.25,-14.63,3.24626,3.12445,0,431.464919399,10,0.213674,5.1852,745.45,53.0833,1492.93,-12.0283,13.831095695495605,5.903153292834759,4758.98,414.830976722,10.5089,2496.33,260122,-1577.93,349.79759261896834,277.54905235301703,-2.54713,-4.8703,-0.437617,0.0361632,1594.65,44000,0.470735,4133.400342156645,66.34538697311655,0.202871,0.126818,2540.74,1.11907,2474.39,0.141418,413.246944183,138.3109588623047,19.1126
800.763,-16.7962,2.29409,0.515703,0,370.854215482,11,0.217251,5.01506,774.133,59.3819,1452.26,1.99459,29.51934814453125,6.170557064004242,3210.2,374.403176832,10.2619,2617.33,265549,-1543.91,354.2088379850611,278.66948663210496,-2.16911,-4.65227,-0.431864,0.0740493,1538.42,48000,1.10863,4487.103110396769,69.3687942889519,0.249095,0.130077,2645.8,1.06564,1397.77,0.381169,386.188244021,295.1934814453125,8.86539
803.155,-16.2897,2.86556,2.02202,0,578.340738249,12,0.226007,5.74165,779.168,59.4813,1480.12,4.65284,21.206737518310547,5.681265683379024,3307.05,534.984650508,10.6892,2647.88,270892,-1564.89,354.18579314649105,279.6416624910198,-2.05932,-4.65042,-0.436797,0.0537304,1563.74,52000,2.50976,4846.730637333356,68.86286497209221,0.252023,0.107945,2677.77,1.08708,1800.64,0.0928554,566.694934339,212.06736755371094,-4.04264
807.032,-16.9896,2.71541,1.91441,0,534.944513166,13,0.223389,6.38076,782.541,68.5731,1525.58,-19.3693,24.456897735595703,5.645272923633456,3218.12,552.631176558,10.4157,2758.84,276366,-1597.35,356.96733709191903,277.0172190060839,-2.13168,-5.54041,-0.438365,0.059836,1615.97,56000,1.42665,5202.766196784563,74.30484516220167,0.115591,0.146414,2785.09,1.10867,2237.97,0.0424039,495.470028145,244.5689697265625,-1.31169
780.234,-15.4146,2.48573,1.53387,0,582.556013557,14,0.22984,4.74932,753.467,55.6523,1455.52,4.91807,20.74336814880371,6.243968334514648,3332.04,615.56722319,10.7027,2763.75,281883,-1523.67,356.9017214491032,277.28430600091815,-2.52527,-5.09963,-0.446335,0.0547467,1532.91,60000,1.25299,5562.446875969414,73.37344711367041,0.0918304,0.121804,2788.06,1.09315,1749.39,0.0564877,540.722288275,207.43368530273438,-7.15114
754.067,-17.6693,2.67717,1.44161,0,496.80015815,15,0.22248,5.8008,732.655,64.7576,1416.88,2.97029,20.078529357910156,6.368473899550736,3064.66,499.181112343,10.5766,2604.27,287423,-1486.44,358.82332199439406,276.30228985100985,-1.96483,-7.55758,-0.445428,0.0363745,1475.34,64000,1.22623,5917.893463480286,76.15255824383348,0.186319,0.187014,2612.63,1.09286,1792.42,0.217621,477.458175074,200.78529357910156,12.6764
700.781,-17.6277,1.48707,1.18463,0,490.461769291,16,0.226628,5.55837,677.461,70.1823,1310.81,-9.64717,16.111648559570312,6.203160984441638,3474.05,507.442986447,10.6216,2562.82,292827,-1378.65,357.0841369344853,278.1050584842451,-2.2655,-7.86671,-0.424571,0.0238909,1362.52,68000,1.1539,6273.007982934825,72.77591746579856,0.21551,0.0678245,2573.87,1.04013,1959.58,0.124293,434.26842961,161.11648559570312,8.02601
713.581,-15.7384,1.47342,0.950359,0,370.465496266,17,0.234666,6.54875,697.882,63.1373,1325.72,5.46546,14.162554740905762,6.183568505104631,3430.41,346.238572619,11.0338,2593.58,298277,-1394.91,358.6773678981699,281.6872649290599,-2.496,-6.12023,-0.429141,0.0388154,1408.5,72000,0.26831,6627.472124505788,70.80653446400538,0.127355,0.0790768,2649.42,1.05778,2134.08,0.410952,333.124518025,141.62554931640625,11.5754
742.336,-18.4099,2.24107,0.182378,0,327.045960931,18,0.231986,5.98355,712.5,81.2887,1421.05,4.11303,16.49017333984375,5.454185626003891,3901.59,382.640017109,11.9509,2888.11,303566,-1496.12,351.7928383657709,279.7450566338375,-2.3418,-6.27513,-0.432999,0.0541815,1489.47,76000,1.77957,6979.72391240485,66.59359610592946,0.0886856,0.145894,2808.51,1.09899,2255.54,0.328775,293.073646337,164.9017333984375,-3.66883
917.994,-17.5887,4.54876,1.06341,0,468.513409332,19,0.227787,6.19597,897.013,72.9182,1544.77,-4.6505,26.83255386352539,6.057104982901365,7305.25,426.831465313,11.7684,3211.69,308913,-1644.12,350.3424361087382,277.2326632118784,-2.56077,-6.39534,-0.452191,0.0388066,1619.19,80000,2.45805,7334.627897070721,67.05266791395843,0.102188,0.111444,3224.68,1.19528,3941.59,0.359853,451.260780573,268.3255310058594,0.578573
919.998,-15.6018,1.69658,1.29438,0,509.382930459,20,0.226826,6.34104,903.917,93.5466,1422.99,-8.06918,39.757568359375,6.213970813900232,3757.58,519.225080616,11.3536,3402.96,314354,-1492.72,358.7774561070837,280.94885820616037,-2.52797,-8.28142,-0.421534,0.0222502,1485.66,84000,2.43855,7692.976933087222,71.61462708702311,0.190972,0.183486,3404.27,1.05827,1953.3,0.109189,446.480309005,397.57568359375,-10.4842
948.109,-15.0151,1.97517,2.14958,0,639.710449196,21,0.234258,6.73799,931.756,80.138,1512.4,-5.4635,41.73564529418945,6.3956547845155,4193.58,615.20377516,11.9066,3452.98,320037,-1601.33,355.5412083910778,277.959127925802,-2.20693,-6.10188,-0.424547,0.0189908,1614.12,88000,0.995457,8051.371208281722,71.1864256807603,0.159389,0.170917,3494.35,1.07794,2410.61,0.084725,533.730049012,417.3564453125,-14.709
717.756,-16.4971,-0.352156,2.13169,0,557.223272,22,0.190568,6.05978,713.224,64.2704,1204.87,5.23807,30.232030868530273,6.5860216286964715,3329.13,527.133647333,8.73283,3087.08,325797,-1249.65,359.30513417860493,278.6794195268303,-1.8552,-6.8146,-0.393235,0.0223708,1241.39,92000,2.71755,8407.62201031344,74.03969302307814,0.178609,0.163086,3063.8,0.963371,1260.24,0.0497656,439.563932232,302.3203125,6.85739
1290.64,-20.5313,2.83598,3.46739,0,441.602860698,23,0.221847,5.95811,1286.16,88.2327,1753.97,8.45583,66.62041473388672,5.669485341291875,4006.89,420.257117214,12.375,4570.63,331205,-1826.41,356.7847702689469,280.12955981865525,-2.18424,-9.54012,-0.420467,0.0213108,1827.09,96000,2.50898,8765.401370251086,70.98572510899976,0.13009,0.0926153,4574.76,1.1266,1725.14,0.0572413,402.710032714,666.2041015625,7.97282
1373.15,-15.7888,3.85423,3.37604,0,508.921728112,24,0.236995,6.5038,1388.86,74.57,1822.41,6.98979,70.00276947021484,6.170781482942402,4533.7,521.26177547,13.5631,4693.53,336906,-1910.71,354.9288104046136,276.77751427982,-2.88062,-8.40139,-0.430997,0.0226131,1907.79,100000,2.85964,9121.555146666244,71.98051464185119,0.10574,0.139321,4873.06,1.17846,4134.64,0.0510026,436.45825575,700.0277099609375,-13.3911
1782.04,-17.1598,6.87102,4.74949,0,425.810630886,25,0.243399,8.27129,1812.16,93.2224,2205.83,-16.415,92.6667709350586,6.199728410225362,6052.32,418.593778786,15.2888,5946.88,342352,-2353.31,356.00011528423056,276.5944675519131,-2.74412,-7.71755,-0.463256,0.0170492,2357.5,104000,6.85444,9476.086391290184,73.20591932209209,0.160526,0.137542,5876.35,1.29501,3294.57,0.309451,379.411312847,926.667724609375,-3.89923
1687.96,-17.1435,1.63849,3.46933,0,577.519436893,26,0.220894,7.61948,1718.23,89.3495,1665.32,-27.2671,78.91409301757812,6.274742153473198,3793.23,553.064284242,12.4433,6514.78,347811,-1742.02,356.2790472074412,278.267127817031,-3.05818,-7.43713,-0.402117,0.0164378,1747.5,108000,2.64122,9832.034675090574,71.73717723693699,0.219645,0.050867,6569.0,1.0655,1813.04,0.392582,444.740175434,789.1409301757812,0.534137
2069.35,-15.7676,3.89722,3.34387,0,501.631848908,27,0.237235,8.85515,2115.54,87.739,2078.03,-5.87364,100.0971908569336,6.226615126710385,4716.81,468.256065612,14.9252,6257.46,353366,-2193.46,368.63448145100847,291.00115844700485,-3.29299,-9.75089,-0.417524,0.00807076,2198.5,112000,3.53215,10198.678815952037,71.40670787729323,0.164622,0.137414,6526.34,1.18679,3872.36,0.477986,409.700017956,1000.971923828125,-9.68773
1953.5,-16.1044,4.10735,2.66687,0,452.233909818,28,0.244721,8.7721,2004.81,96.309,1913.3,-14.8344,98.11597442626953,6.2531817075796425,10839.5,467.361003267,14.3889,7438.27,358861,-2031.05,364.8462861725129,289.1328829280101,-2.23094,-8.97674,-0.419878,0.0141023,2029.97,116000,2.46306,10567.53483713651,69.4602215369232,0.146498,0.0399959,7799.93,1.19427,6148.03,0.179646,413.590130878,981.1597290039062,20.3499
1332.37,-17.4724,-0.470785,2.78059,0,671.802046825,29,0.191876,5.29286,1358.83,83.9442,1299.72,-17.7677,54.6422233581543,6.272706035058945,3016.92,596.962599598,9.43063,7382.72,364470,-1361.22,368.0910490131937,288.39170499006286,-2.18696,-7.28259,-0.379549,1.00934e-08,1354.26,120000,1.99136,10941.745885584969,73.42663798807189,0.236091,0.112291,7479.83,0.950221,1181.78,0.083032,577.354780838,546.4222412109375,4.86374
489.737,-16.4781,-2.36094,4.03612,0,647.171287785,30,0.158495,4.33653,482.102,35.9296,981.442,1.00361,123.77008056640625,5.8992845471948385,2759.84,634.549631617,6.36272,1772.71,369904,-1020.92,366.1172150191851,280.6701706079766,-1.05736,-3.91688,-0.346637,8.12431e-08,1013.33,124000,3.00883,11308.363660554402,79.54775986401364,0.252581,1.47733e-08,1780.67,0.853865,674.496,0.0836659,573.722122845,1237.7008056640625,0.487905
857.461,-16.1716,-0.729896,2.69715,0,565.596890052,31,0.182855,4.53179,862.623,54.6411,1170.06,-6.24228,91.95232391357422,6.194318356458098,3792.0,564.327847878,7.61739,4859.17,375619,-1218.07,367.73415861465037,281.4922662829049,-1.53417,-5.20842,-0.371861,0.00131795,1219.73,128000,2.68727,11673.133888806682,80.04757397528738,0.313772,5.00205e-05,4908.51,0.914697,1367.48,0.0314845,510.495511804,919.523193359375,16.0286
954.242,-16.3222,1.48854,2.52062,0,691.979829166,32,0.200113,5.20794,957.279,68.2805,1295.77,-25.6791,125.87230682373047,6.392822691705078,5094.64,663.632719647,9.18506,4741.57,381185,-1353.35,365.8227362050675,282.3459843592718,-1.65613,-5.05503,-0.406324,0.0261292,1359.48,132000,3.91864,12040.958539687097,77.08392915409058,0.257535,0.000145658,4774.5,1.02488,1564.58,0.0804215,558.865309506,1258.7230224609375,24.6779
1153.91,-17.1816,2.98674,3.16124,0,494.219285875,33,0.211787,5.40715,1158.87,69.1042,1601.8,-19.0394,73.89021301269531,6.501346627250314,4670.19,462.238671658,10.324,5074.3,386648,-1681.39,369.38234339561313,283.7703873962164,-1.8507,-6.84158,-0.441784,0.031429,1679.14,136000,2.55571,12403.329935204238,79.11060937214643,0.324818,0.0873578,5110.42,1.07247,1836.4,0.0634537,391.62641538,738.902099609375,10.0287
912.332,-19.3196,0.0858242,4.32231,0,581.603012992,34,0.193038,5.91354,904.696,64.6361,1325.1,-27.4395,68.6998291015625,6.283539262600243,4221.56,588.111623062,8.89615,4303.88,392202,-1384.02,363.4356465837918,285.0765618290752,-1.76792,-6.30094,-0.391719,0.05628,1364.41,140000,3.2414,12768.086576818023,72.07554549211636,0.172598,0.0924943,4367.88,0.989366,2353.08,0.192685,552.487574399,686.998291015625,-52.6042
1664.57,-17.8383,1.33901,4.70835,0,587.910128268,35,0.22302,6.79167,1728.91,79.2338,1531.71,-49.1281,151.61216735839844,6.252863516565412,11109.9,588.992521006,12.0755,9704.95,397682,-1617.57,367.2991900695488,287.6494436641224,-1.95478,-6.58528,-0.400324,0.066317,1598.26,144000,5.1244,13133.998588948045,73.396882888861,0.180553,0.155881,9768.81,1.06168,4069.96,0.0402553,558.830999358,1516.1217041015625,-12.9219
1913.6,-16.6439,0.0520726,4.28785,0,552.902149112,36,0.209621,5.70676,1978.99,96.5027,1497.04,-8.51909,125.70195770263672,5.8371433122083545,4751.3,523.674717548,10.4984,10352.9,403049,-1567.16,361.4735574494116,283.62636063899845,-2.50317,-6.70417,-0.388881,0.0496098,1573.41,148000,2.61647,13497.041644551326,72.0100534982048,0.21557,0.253737,10565.2,0.99057,2265.84,0.472155,526.01477011,1257.01953125,3.58804
3902.48,-16.1671,8.094,6.41432,0,604.703748462,37,0.278582,9.76847,3957.77,109.517,3428.25,-12.8347,231.4827117919922,5.5676804394461215,19692.4,582.44537886,17.6056,12698.8,408488,-3603.21,363.5884713320993,284.4409936768934,-3.20956,-9.72126,-0.472301,0.00179125,3576.8,152000,4.9277,13859.528295095544,73.57979721575975,0.278438,0.220682,12740.8,1.34573,11513.5,0.407002,484.530353025,2314.8271484375,-64.2334
799.867,-18.4307,0.0128541,7.16301,0,633.080653706,38,0.205152,4.77969,806.48,59.3439,1201.65,-43.0489,263.36968994140625,6.141248727682978,5060.0,642.94204048,8.56055,5026.83,413926,-1253.31,359.3684018026106,280.7487099971622,-2.04843,-4.46229,-0.38091,0.0229013,1250.06,156000,5.63748,14224.134156009182,72.4784430777654,0.23716,0.00711016,5080.71,0.969798,1661.32,0.0176689,549.765543075,2633.69677734375,12.6151
913.744,-16.6377,0.664371,5.01423,0,484.15153726,39,0.221902,4.15284,923.425,51.945,1241.96,-30.638,170.16900634765625,6.160291215870529,8835.08,510.11894471,8.94263,4882.95,419352,-1295.16,366.57325931917876,282.69688900513574,-2.35602,-4.97913,-0.38948,0.0124853,1285.88,160000,6.77216,14585.139685038943,77.71607909817249,0.209535,0.0516185,4919.32,1.00689,2794.49,0.0283388,509.956334067,1701.6900634765625,-1.15377
2283.67,-15.9127,2.08236,4.34604,0,408.499274506,40,0.23179,6.96661,2387.8,85.8484,1644.09,-23.7004,211.2602081298828,6.427651844918728,14150.1,387.799169564,12.7229,13136.2,424906,-1728.74,358.525853572879,279.94945715693757,-2.44356,-8.15643,-0.406938,0.0119141,1731.42,164000,4.0937,14940.002751464956,72.14874457102269,0.207032,0.018768,13357.4,1.08543,5308.44,0.139896,398.758792094,2112.60205078125,11.8665
3927.48,-18.502,0.283829,14.0961,0,441.608185627,41,0.207912,7.62548,4143.5,96.2741,1882.91,4.66271,464.7026062011719,5.783613099716604,17053.9,476.079330416,13.3264,22235.0,430253,-1915.37,351.226973420009,276.95687951520085,-3.14592,-7.25732,-0.357436,0.0427337,1981.1,168000,9.12709,15295.471244174987,68.48648080509156,0.179418,0.609469,22870.8,1.0346,24607.5,0.252607,416.385294431,4647.02587890625,-13.8545
3870.51,-16.0087,0.818309,7.34765,0,488.563180014,42,0.198916,10.148,4084.74,112.062,1898.45,-8.17602,862.8441772460938,5.638886659871787,8744.18,568.675477879,13.1505,21242.2,435663,-2015.38,358.2133271964267,279.84614247689024,-2.66963,-9.73335,-0.366515,0.0304592,2029.34,172000,14.0091,15653.30610865727,72.72829805966467,0.164349,0.862402,21474.6,1.05755,4803.07,0.243321,421.792528331,8628.44140625,-22.6765
519.469,-16.2179,-1.41366,8.30086,0,463.736073552,43,0.181794,3.7519,515.942,40.9219,990.203,-47.1525,552.2965087890625,6.2601781957782805,4140.19,435.138625945,6.74541,2566.27,440960,-1024.99,361.6440979107283,283.03355916775763,-1.86454,-3.81977,-0.345667,0.0143896,1027.77,176000,9.71046,16014.504774488974,72.3503605471924,0.190686,0.216085,2707.98,0.916061,993.224,0.0685095,436.914796277,5522.96484375,-17.477
5581.68,-17.8703,2.67758,5.16514,0,406.147626547,44,0.232321,12.0693,5831.68,102.745,2777.69,-32.8356,534.507568359375,6.381733795627952,28095.7,355.904078807,15.4192,24721.7,446369,-2924.59,363.56969526503235,285.2828279356472,-2.48627,-10.2837,-0.400253,0.0166383,2949.28,180000,11.1243,16376.884707727004,71.90513353375718,0.218913,0.0910911,25179.5,1.14036,21814.9,1.37728,434.087747918,5345.07568359375,-27.7187
6059.26,-16.1988,1.05806,9.87167,0,382.256427861,45,0.209092,6.88401,6302.36,119.399,2371.12,-77.9741,834.6908569335938,6.271652366966009,22113.2,404.006982342,13.0299,31540.7,451905,-2470.13,369.3270880882628,292.33970160316676,-2.2736,-16.5683,-0.371146,0.176455,2485.22,184000,13.6223,16746.671705975663,70.71573411813006,0.159034,0.0456579,32250.2,1.07166,15191.6,1.30899,406.047334571,8346.908203125,-78.2818
9899.1,-16.8322,5.19122,9.77023,0,312.724738065,46,0.254083,10.3775,10371.5,134.242,4140.54,-226.196,829.9083862304688,5.899698666296899,38028.7,261.0421123,19.4448,44810.9,457374,-4426.32,362.0066170049831,284.9308198057115,-3.73493,-13.2062,-0.409051,0.158431,4469.51,188000,13.6174,17111.10052841436,71.17609853297472,0.116845,0.0705575,47151.3,1.30159,29086.3,1.17962,361.636166544,8299.083984375,-323.539
11130.2,-15.3018,6.64228,7.39475,0,471.116854306,47,0.26384,15.4786,11422.5,139.615,4676.92,-76.7675,895.8978881835938,6.2757915407419205,79277.1,442.52601143,20.1143,49893.3,462577,-4977.03,371.04219563212246,291.1677185310982,-3.59648,-14.6656,-0.41919,0.0260299,4876.34,192000,15.1096,17483.240103065036,73.59868556028232,0.176191,0.100636,50193.7,1.36066,143537.0,2.0,458.440560348,8958.978515625,-32.922
10910.3,-15.7753,4.86755,9.63567,0,325.164901543,48,0.259777,9.78548,11330.5,142.655,3677.91,-32.1931,671.5247192382812,6.391719265840948,36983.7,337.16390848,16.7152,58310.9,467955,-3915.87,364.3231091503985,283.16710625682026,-3.31747,-16.5493,-0.436294,0.0375581,3914.74,196000,24.854,17842.563496464863,74.76428362773731,0.154526,1.13609,58717.3,1.25408,20087.6,1.37832,425.540131453,6715.2470703125,-176.344
12921.5,-17.6633,5.57217,11.7017,0,367.686872685,49,0.235478,10.8165,13333.8,134.206,4079.76,-271.173,799.0370483398438,6.001553144771606,108471.0,337.2898435,18.0397,75777.2,473187,-4287.68,357.30776849063113,281.6089875102043,-3.92698,-17.4177,-0.41422,0.0300542,4267.29,200000,14.406,18198.218701781705,69.69722783565521,0.126345,0.182688,76267.5,1.31901,49290.8,1.59531,396.077000227,7990.3701171875,-488.165
1949.06,-17.4145,1.78034,27.3749,0,344.944869636,50,0.223291,6.75059,1998.26,92.4731,1400.77,-43.6197,2867.259033203125,5.7427137973718345,89365.4,338.8230175,10.5484,14490.1,478436,-1452.09,354.5412542298436,280.75353358034045,-2.81758,-9.26383,-0.400008,0.469537,1433.68,204000,33.9042,18552.345491937827,68.04500685213134,0.324927,0.356148,14556.0,1.04243,18013.5,0.261381,324.953189732,28672.58984375,-60.4307
7295.6,-16.2585,6.06252,29.1376,0,493.171803181,51,0.2422,11.6842,7586.13,129.605,2942.1,-5.58996,7139.3447265625,5.93057014234364,81082.8,514.405943837,15.1871,39198.1,483830,-3094.9,354.1459775622934,280.5845427219756,-3.40245,-13.0054,-0.441687,0.349288,3109.13,208000,45.0463,18910.538612821605,67.63086469797418,0.396201,1.03247,39608.3,1.2336,68623.5,1.25513,400.312033024,71393.4453125,-42.2254
11704.6,-17.3526,7.52024,22.9092,0,349.970320957,52,0.284364,10.2518,12086.4,147.428,4324.78,-88.1494,8345.34375,6.236862032208592,96186.5,399.996712589,18.1831,59884.6,489188,-4547.75,362.5409318013117,284.62554646795616,-4.56244,-13.4871,-0.451215,0.199649,4557.19,212000,29.4693,19273.46141415788,71.67852330114692,0.32695,0.122551,61053.2,1.33045,49830.0,1.55324,423.85272932,83453.4375,-68.5212
6179.37,-13.5242,6.48592,20.4106,0,505.349657926,53,0.23395,11.7362,6511.22,119.673,2912.94,-100.075,8914.798828125,6.229985932819545,82744.8,481.202805287,16.7875,33232.3,494510,-3103.56,359.6024664216675,281.3116886438802,-2.95417,-15.2538,-0.423147,0.404821,3108.71,216000,38.8759,19633.385515965987,72.06079184496775,0.339689,0.883269,33304.9,1.28353,30292.5,1.88254,519.166965663,89147.984375,-295.87
11982.1,-15.4705,5.27927,24.2154,0,292.185032923,54,0.220586,9.76586,12604.3,140.794,3756.8,-201.215,8576.296875,6.056269057560712,157464.0,298.737420062,17.1798,63508.7,499856,-3958.06,358.91400844743475,280.4573128381744,-3.00569,-16.8969,-0.409553,0.0651346,4015.67,220000,38.4981,19986.4880640693,72.40042655169964,0.294823,1.4214,65885.0,1.26868,82640.6,1.02903,334.674785588,85762.96875,19.848
17937.3,-18.3385,26.1241,20.0389,0,213.375618975,55,0.396329,14.5657,18247.0,166.811,11826.0,-291.193,3464.042724609375,6.169931801967323,1.25099e+06,212.536185332,27.7443,79173.9,505167,-12467.5,350.647305523511,277.9054344748147,-3.84821,-23.9961,-0.633477,0.602455,12247.6,224000,10.0733,20334.782013794873,66.57193924672902,0.262593,0.905525,81938.6,2.09651,508068.0,2.0,300.588769806,34640.42578125,-514.872
28132.3,-16.0735,29.1668,30.5227,0,346.978168016,56,0.430101,18.0203,29652.4,163.561,14984.2,-705.571,5503.31005859375,5.960093270987272,3.20551e+06,317.847504288,29.0396,124798.0,510494,-16017.8,351.8276374163106,281.6487485640682,-3.82459,-27.9028,-0.661632,0.664117,16177.2,228000,12.9099,20693.773010788485,64.21879558125511,0.197005,0.875939,128441.0,2.23788,986797.0,2.0,305.101218458,55033.1015625,-620.665
46719.8,-12.3952,61.9278,17.9185,0,549.446506204,57,0.653952,18.2184,47173.9,193.389,58928.1,-2085.84,1586.3001708984375,6.482610765378922,2.20202e+07,588.947667791,29.1542,222279.0,515904,-61692.7,365.6910378905013,287.75390852894634,-4.90672,-35.8283,-0.992386,0.125012,62047.1,232000,16.4166,21064.39660753403,71.45451859617606,0.104641,0.662979,221078.0,3.25093,4.87123e+06,2.0,565.079794243,15863.001953125,-2664.91
44941.4,-13.2065,51.9908,25.3322,0,515.544785519,58,0.646007,39.164,45917.6,199.389,43625.1,-806.439,1245.9681396484375,6.752222144976258,6.56424e+06,525.377895922,30.732,216307.0,521551,-45968.5,363.9155164202675,280.84755995310843,-4.80198,-22.7344,-1.02137,0.0844571,46251.1,236000,11.4897,21426.708290498704,76.31573432218283,0.499023,0.574592,217551.0,2.88059,1.70358e+06,2.0,549.454587707,12459.681640625,-1380.4
26714.5,-14.9059,44.1218,18.58,0,525.180621626,59,0.602931,18.9182,27030.5,195.18,27041.5,-566.243,479.0877990722656,6.403231768403202,2.85112e+06,554.748430275,29.2999,123410.0,526980,-28405.7,363.23852235032246,282.12301097996533,-4.73108,-25.9929,-0.942304,0.000342569,28327.9,240000,7.24087,21787.242679574527,74.71227960195392,0.371054,0.360913,123680.0,2.65702,712704.0,2.0,521.037840411,4790.8779296875,-717.473
25136.1,-16.769,38.1489,13.7627,0,497.277372026,60,0.508295,17.5764,25601.0,172.132,23809.3,-254.978,1068.2933349609375,6.5555804101750255,5.15787e+06,464.300555723,25.8728,118965.0,532619,-24928.6,370.4875191259198,291.9231399707496,-4.38144,-23.7518,-0.861055,0.000940913,24795.1,244000,3.29599,22157.83306280244,72.00879874499515,0.306336,0.0966429,120036.0,2.48142,2.31391e+06,2.0,435.281961638,10682.93359375,-444.659
10843.3,-19.7949,25.925,14.1204,0,552.596328146,61,0.481803,20.1838,11081.0,156.463,8653.77,-701.915,1220.8817138671875,6.08465656125918,838283.0,592.8043542,23.9636,46176.5,538332,-9141.55,362.0669801393524,283.87037852499634,-3.75608,-17.608,-0.745932,0.0412105,9139.97,248000,2.16594,22522.43727433728,72.11194505309686,0.226253,0.232386,46328.6,2.01496,227692.0,2.0,480.087645407,12208.8173828125,-559.296
7937.23,-16.5258,18.5621,42.5434,0,460.553759009,62,0.397573,15.8466,8162.7,120.383,5321.73,-195.392,2483.604736328125,6.153940339107066,404602.0,521.729829755,19.5049,34864.5,543754,-5659.42,362.9255308979191,282.1022309628315,-3.37925,-16.5147,-0.637586,0.0239799,5597.96,252000,5.25127,22885.37886299845,74.6693595959805,0.177765,0.0723507,35051.1,1.74608,99685.7,1.46089,453.627252574,24836.046875,-287.183
810.757,-17.3147,5.10072,59.3092,0,324.966132643,63,0.20219,4.80871,827.82,43.6895,1219.64,-154.607,9725.171875,6.387967329472303,22415.4,301.571606094,8.65701,2808.87,549223,-1261.63,361.93760025221854,280.88308568578213,-1.88127,-4.6519,-0.44225,0.0607593,1274.54,256000,56.1514,23244.675443951506,74.6665472369641,0.159549,0.0994385,2819.19,1.19672,5617.31,0.405273,247.996013573,97251.71875,-247.464
448.841,-16.7332,4.28801,37.4754,0,268.693419865,64,0.134866,3.64911,450.361,29.4272,1065.02,-262.09,40386.46875,6.41363227693364,25091.3,266.079412019,5.53084,1825.26,554444,-1089.72,357.91070061409846,279.4712534849532,-0.929359,-3.45614,-0.405135,0.284531,1088.19,260000,106.07,23593.684100702405,72.02581485221162,0.349277,0.290482,1838.56,1.11405,5173.78,0.10502,267.961240172,403864.6875,-252.127
426.208,-16.7999,0.255576,120.147,0,448.867530999,65,0.146284,3.52123,411.123,20.263,770.535,-185.018,18596.025390625,5.877935512922704,13486.6,449.402409061,5.57027,1617.11,559724,-780.255,346.5601138090715,277.5580090470612,-1.44286,-3.70068,-0.356712,2.79719e-09,781.792,264000,39.1079,23948.08501429297,63.12416924908757,0.091875,0.402852,1768.34,1.00158,3576.13,0.221162,301.343761238,185960.25,-266.65
156546.0,-13.5461,32.2712,99.601,0,360.173772296,66,0.530388,32.0058,159784.0,217.931,103848.0,-373.766,103727.90625,5.504925791639835,3.14423e+08,338.401571016,50.058,452011.0,564979,-105931.0,353.83949655340984,277.36915709171444,-6.77772,-39.8895,-0.562032,5.3521e-09,107427.0,268000,110.038,24299.467268641572,70.96541367005557,0.161639,1.10196e-08,456707.0,3.26215,2.86796e+07,2.0,350.617943782,1037279.0625,-501.5
383.137,-16.9194,-1.67516,69.8929,0,291.109857598,67,0.139484,4.55444,373.614,42.4592,562.744,-473.423,71299.5859375,6.198746603447944,15515.2,290.788963441,6.47989,2520.74,570332,-562.668,350.9551951638423,276.24769115727395,-1.31613,-7.44307,-0.319513,0.0596588,559.911,272000,85.1637,24650.967642844655,68.5087574031204,0.186427,0.611948,2440.94,0.91721,3531.88,0.478593,288.432031082,712995.8125,-545.721
10881.7,-19.3866,5.66475,122.034,0,401.956207696,68,0.350711,11.8906,11312.6,116.961,4928.44,-528.136,38131.01953125,6.236207258421928,757076.0,397.090330773,21.4841,42007.8,575656,-5123.48,353.0723335649818,277.78168204287067,-3.30428,-14.9538,-0.435941,3.71189e-09,5202.94,276000,79.8688,25005.97730534058,69.05444426368922,0.209487,0.201472,42947.1,1.32917,176403.0,2.0,357.22181281,381310.1875,-388.472
15318.2,-18.3588,0.730007,63.5055,0,502.366872531,69,0.267415,11.3974,15680.8,186.65,3855.59,-1206.47,45527.61328125,6.497079053893685,1.283e+06,477.984205548,19.6125,88049.3,581222,-3990.93,354.60631787078455,277.1168039520271,-4.07022,-21.0086,-0.348364,8.72766e-09,4003.08,280000,92.9957,25361.784401229583,70.99243486486375,0.00155538,0.187522,88725.1,1.22792,254033.0,2.0,454.92642381,455276.125,-768.354
326.235,-15.62,-2.23256,50.5336,0,307.152583959,70,0.129191,3.29517,311.06,22.3308,711.428,-57.8191,38784.9765625,6.496160916052759,6370.73,288.942383881,4.81652,1325.55,586707,-725.042,356.8489570352249,278.1592605030164,-0.876018,-3.39158,-0.331806,1.65369e-09,719.413,284000,108.594,25714.113377026748,72.19353561615571,0.0271533,1.73596e-08,1312.44,0.88789,1714.68,0.0338456,324.265571998,387849.75,-104.409
347.569,-17.5299,-2.44028,64.2151,0,298.662195684,71,0.129251,3.14896,342.759,22.1896,752.383,-63.8522,24825.185546875,5.67880292609334,4704.14,299.149418619,4.90686,1335.92,592085,-773.135,351.6747704735026,278.3219251423143,-0.949795,-3.61391,-0.325543,5.38844e-10,771.84,288000,89.1672,26066.817594009917,67.67404240509495,0.100721,1.24508e-09,1347.83,0.8742,1063.7,0.182484,273.110458097,248251.84375,-84.811
360.864,-17.2362,-1.51593,51.2985,0,272.259175547,72,0.127823,3.71286,352.041,24.2938,798.659,-141.506,42444.88671875,5.948765709530562,7357.63,264.626774514,4.9956,1318.84,597314,-819.489,352.8805069224909,278.2276672050357,-0.877486,-3.8115,-0.335866,4.01085e-10,819.941,292000,76.9619,26418.660183690023,68.70407400792465,0.0809223,1.07254e-09,1343.43,0.922621,1409.29,0.0181066,268.584551229,424448.875,-177.695
399.133,-16.4755,-0.305406,86.0077,0,303.488168328,73,0.130616,3.18861,402.434,30.3986,873.101,-44.7596,22200.294921875,6.281500370241702,6610.92,311.263435076,5.28918,1452.24,602652,-895.663,354.12653968529776,280.1784846652299,-0.870152,-3.04211,-0.356454,3.36324e-10,888.191,296000,45.0687,26774.834114546888,67.66655464982614,0.207831,7.35328e-10,1483.81,0.948595,1468.37,0.0406282,281.266489508,222002.9375,-128.909
24297.6,-14.9963,19.2936,81.8552,0,312.118265542,74,0.429808,11.6808,24933.0,154.455,14910.9,-949.018,22410.220703125,6.301675272639841,3.16767e+06,317.5758623,28.5571,97653.7,608035,-15661.5,355.76089960243553,279.74474192084745,-3.30115,-16.3977,-0.574694,3.79717e-10,15667.7,300000,46.3848,27129.79967274191,69.71448240894824,0.339039,6.95638e-10,98681.1,1.86567,584410.0,1.88948,335.281570515,224102.203125,-855.777
457.164,-17.2265,0.00477234,110.849,0,259.36948897,75,0.145961,5.05832,448.645,32.1242,905.63,-110.161,24637.779296875,5.70096901897341,8101.37,263.199857407,5.77165,1543.78,613330,-925.565,352.79179185722023,278.1710942960344,-1.20504,-4.14866,-0.357958,3.4046e-10,915.808,304000,87.8529,27481.59590450488,68.9197285422124,0.261862,7.23938e-10,1548.99,0.953604,1696.18,0.171084,311.134257625,246377.78125,-104.821
397.228,-15.9795,1.18125,54.4356,0,152.235619049,76,0.134627,2.95381,395.376,25.4124,912.358,-120.38,123989.25,6.162197709549218,15539.8,151.320457594,5.60824,1567.85,618651,-933.993,355.6020478368737,281.51514180516824,-0.817501,-3.96608,-0.374725,0.160934,934.701,308000,160.734,27831.32115695579,67.92470832215622,0.112654,7.86085e-10,1596.84,1.03808,3887.47,0.25629,142.239964988,1239892.5,-188.735
101438.0,-0.802845,61.8676,55.1978,0,358.804685463,77,0.482521,16.0828,101062.0,181.738,152880.0,-2732.92,84877.6796875,6.260582181159407,2.60297e+08,323.161182465,28.1093,325110.0,623898,-155882.0,349.12152828928083,280.81248601991683,-4.98009,-21.3001,-0.861419,0.0588188,155651.0,312000,178.227,28185.44498617202,62.04846008820459,0.00250741,0.467814,326029.0,3.23991,1.36458e+07,2.0,330.2240159,848776.75,-6079.66
24832.8,-13.5707,20.2238,66.5529,0,495.587911804,78,0.371511,14.5896,25186.3,130.394,14517.9,-1572.67,49195.7890625,6.508843644056469,3.46203e+06,492.800198386,24.8267,89007.7,629411,-15016.6,351.83253608830273,278.2723097340204,-3.32075,-16.9868,-0.582362,7.57407e-09,14914.6,316000,74.92,28540.75069499109,67.05138271022588,0.37137,0.137503,89035.0,1.86603,548782.0,1.72666,357.573269729,491957.875,-1173.71
10325.9,-17.2462,9.68048,21.5652,0,387.459192006,79,0.310886,11.2828,10621.8,123.416,5212.75,-662.806,14277.228515625,5.9597504758276045,813471.0,402.640914012,21.2923,44439.2,634931,-5413.18,355.4399555493146,278.9551470442675,-2.73099,-12.195,-0.484326,0.0496274,5460.29,320000,26.8765,28898.14274803782,70.52505802921951,0.332136,0.160407,45025.6,1.44962,162228.0,0.713142,380.9037806,142772.28125,-332.109
343.789,-17.2731,-3.46965,31.6168,0,354.596164366,80,0.140394,3.20157,344.164,18.4802,602.114,-100.056,15971.5849609375,6.311711282003671,6224.68,349.498871297,4.96213,1223.82,640472,-614.766,355.4226004537195,276.63320566900074,-0.880281,-3.29192,-0.320578,4.60113e-09,623.747,324000,18.6595,29251.493285262026,72.47768350271508,0.357802,0.108948,1259.91,0.737543,1546.55,0.0727465,302.917118422,159715.84375,-152.666
319.894,-15.9093,-3.1304,31.0605,0,366.481026584,81,0.139781,2.90958,315.331,15.789,686.038,-45.3832,8333.5810546875,6.433261936996132,4057.29,353.378984068,4.58529,1194.78,645736,-707.833,355.71292431885377,278.87337042111903,-0.887164,-3.75481,-0.320493,2.2834e-09,710.387,328000,23.7893,29607.7202360956,70.4062919607386,0.326533,1.06653e-09,1213.89,0.775739,727.564,0.196892,324.791429248,83335.8046875,-60.113
353.731,-16.8,-3.19909,103.128,0,274.085832376,82,0.142287,3.15523,350.523,20.9463,730.507,-89.1216,5065.01025390625,6.258625482674688,4543.86,280.828093115,5.12354,1594.35,651082,-749.536,355.46995638264343,278.2905287258327,-0.977888,-3.2373,-0.311064,2.87459e-10,750.274,332000,17.3115,29960.458309184294,70.92080217413604,0.290699,1.04019e-09,1583.33,0.782562,884.82,0.377567,274.93422692,50650.1015625,-74.4667
385.839,-14.5563,0.337863,75.0277,0,308.205062244,83,0.120613,3.37535,384.137,21.6407,836.887,-219.601,63202.375,6.456285000313073,11866.8,291.5229228,4.99805,1516.25,656411,-848.533,353.73750891024247,279.09174685832113,-0.872489,-3.40418,-0.354288,2.64607e-10,843.172,336000,50.5259,30314.127819593064,68.18947705160826,0.341729,6.96996e-10,1505.53,0.948093,2726.66,0.0762386,308.339194402,632023.75,-342.51
793.992,-15.3563,1.01945,21.0206,0,385.375005545,84,0.155062,4.34404,797.644,39.4225,1077.43,-61.871,28970.056640625,6.032232311088592,20143.9,379.824834739,7.57725,5157.52,661772,-1104.51,352.0269983462058,277.8228809093125,-1.38832,-4.52705,-0.369435,3.63519e-10,1099.43,340000,38.2079,30668.617545226123,68.17188512580469,0.307593,7.85511e-10,5001.75,0.992244,3519.51,0.590916,378.762125894,289700.5625,-168.088
460.448,-17.2626,-2.2974,22.8825,0,386.187927024,85,0.145299,3.105,455.03,23.088,894.047,-10.4628,2704.860107421875,5.829160267021507,6346.02,380.717036853,5.74378,1763.47,667114,-917.805,318.50812097499147,242.09370168298483,-0.895346,-3.22582,-0.335018,5.10706e-10,919.907,344000,11.8876,30962.462292813696,70.58525902498513,0.14554,6.10064e-10,1817.82,0.874582,1063.61,0.311997,425.843170705,27048.6015625,-21.5458
3541.21,-15.7867,4.30676,24.5182,0,477.026593639,86,0.244413,5.52513,3630.94,80.4485,2136.48,-252.213,11828.6005859375,5.395508989691734,409845.0,477.813989603,12.3983,18826.5,672636,-2148.97,260.90530894324183,209.58711360394955,-2.12603,-6.05947,-0.427008,3.23466e-09,2144.22,348000,26.7696,31221.361185412854,45.92268634960055,0.362987,5.9817e-10,19289.3,1.13376,58778.1,0.399999,416.33416484,118286.0078125,-216.085
812.331,-16.0493,-1.48866,15.2788,0,417.453750917,87,0.156144,4.33578,825.874,52.0032,958.952,-104.761,9171.3857421875,4.9430326842702925,11313.3,437.987763467,7.10024,5742.8,678227,-984.623,259.4456167812459,210.58562079677358,-1.60567,-4.68546,-0.342712,4.66794e-09,997.104,352000,36.3542,31481.27125535533,43.91696330020204,0.168491,3.5879e-08,5755.93,0.911083,2950.67,0.0745871,433.764265528,91713.859375,-184.408
4184.33,-16.7926,0.251693,17.0569,0,411.52721562,88,0.210577,7.3321,4212.92,101.291,1995.38,-82.2954,4631.93701171875,4.726781371049583,77243.8,397.617201804,11.594,22335.4,683612,-2047.71,258.80945835402235,209.70070631802082,-2.58495,-7.46625,-0.356792,0.0337788,1986.21,356000,14.6858,31739.618093462195,44.38197066495195,0.106827,0.0856385,22042.7,1.02899,32543.4,0.10705,371.80001078,46319.3671875,-338.139
476.407,-17.3965,-2.03879,45.2801,0,387.580804523,89,0.149135,3.05207,466.343,23.0966,927.46,-91.8431,1395.167236328125,4.701576386578381,5508.31,377.328059332,5.53357,2078.93,688938,-949.133,259.29509129049256,210.67365685198456,-1.07295,-4.09685,-0.351203,0.0267318,950.357,360000,5.95986,31998.758600721136,43.91985805192962,0.198527,0.0932152,2022.12,0.869789,1125.93,0.180435,351.520297416,13951.671875,-94.1407
2324.3,-19.1947,1.67506,20.6877,0,552.844499143,90,0.221518,4.85548,2355.35,58.6373,1668.72,-173.186,11190.4375,4.781713373493403,57760.3,513.46089369,10.3738,12098.5,694274,-1717.2,259.042676392477,210.4950472349301,-1.9739,-6.82626,-0.406639,0.0309916,1721.09,364000,41.9591,32260.056409026496,43.765915784053504,0.158518,0.0997956,12111.4,1.0627,10475.8,0.0771935,514.127508744,111904.375,-217.911
1150.49,-17.6946,-0.694653,10.4095,0,379.489170918,91,0.177247,4.42371,1165.0,52.4925,1154.29,-80.2913,1278.0340576171875,4.773346533533186,14293.2,363.509730726,7.63763,7541.86,699703,-1185.73,260.66978594940156,209.87492422619835,-2.05315,-5.09493,-0.37277,2.18081e-05,1196.25,368000,17.7087,32515.785504156724,46.021515189670026,0.197778,0.0938228,7572.34,0.939919,2746.99,0.277959,360.363314176,12780.33984375,-59.0083
486.128,-17.8332,-2.36475,4.75553,0,628.767074543,92,0.154161,3.25879,474.777,25.9601,970.287,-71.2344,1177.3499755859375,4.8219371060840786,4683.33,590.585633492,5.75754,1803.28,705266,-994.806,255.60825907019898,209.70471989596263,-1.0942,-2.81533,-0.342392,0.0104214,985.436,372000,13.2404,32777.527151050046,41.08160206815228,0.181833,0.09967,1853.04,0.857249,974.043,0.161147,571.781953014,11773.4990234375,-23.6151
645.518,-17.3071,-1.93816,5.86351,0,632.692553842,93,0.170964,3.68871,651.462,45.4043,1060.73,-94.0951,459.81573486328125,5.018354820087552,4892.15,656.313322453,6.44799,3576.37,711037,-1089.59,262.0781038189307,209.8444068301469,-1.90245,-4.5781,-0.345648,0.0111046,1088.33,376000,3.06653,33042.19007927412,47.215342168696225,0.147985,0.0436169,3569.12,0.886252,973.182,0.217241,639.958823813,4598.1572265625,-57.0043
530.382,-19.8738,-2.25567,11.4028,0,232.044312339,94,0.170734,3.36363,526.833,29.7034,1078.09,-70.6603,295.8724670410156,5.256541698705405,3862.42,215.838988161,5.99995,1949.0,716959,-1103.32,265.7464553648606,210.68892379803583,-1.33213,-3.45887,-0.351983,2.01473e-08,1102.81,380000,11.6923,33298.28926132852,49.80098986811936,0.170787,0.0757037,1955.06,0.863429,570.252,0.223378,208.13769029,2958.724609375,-75.2304
986.924,-18.0321,2.19482,4.17974,0,563.919649687,95,0.196486,3.82405,1010.6,50.586,1167.54,-279.838,2537.768798828125,4.936899204738438,15237.5,543.557955994,8.69645,4975.95,722340,-1213.14,255.176058689598,210.08510356675833,-2.13022,-3.95036,-0.408307,6.38247e-09,1211.61,384000,26.2904,33559.51694348687,40.15405591810122,0.0696017,2.05247e-08,5005.02,1.07775,2224.65,0.107265,567.392203611,25377.6875,-259.1
583.446,-16.5975,-1.54015,3.12408,0,502.142889423,96,0.184445,3.27368,585.144,35.2901,1061.41,-46.1541,251.21142578125,5.109753035474569,4375.74,511.194081658,6.55269,2077.92,728166,-1091.27,261.1556877666153,209.8396042510867,-1.51478,-3.78379,-0.368092,0.00700321,1093.57,388000,7.87017,33818.326858680695,46.20633048005402,0.142986,0.0615687,2093.1,0.900367,609.059,0.140159,508.407649861,2512.1142578125,-22.8435
594.563,-17.1048,-1.49256,3.17899,0,444.358665172,97,0.200494,3.53502,595.579,34.1657,1127.46,9.62523,80.17755889892578,5.1029676999896765,3682.75,442.781276655,6.95163,1965.74,733981,-1159.92,259.29613314708695,210.3317662938498,-1.58092,-3.72697,-0.373897,0.00847423,1159.85,392000,1.41452,34074.81148814922,43.861399153247476,0.0979737,0.023144,1966.82,0.905978,648.67,0.0340946,418.595303864,801.7755737304688,6.82049
625.329,-15.5661,-1.78343,0.822339,0,519.242208926,98,0.202887,3.67361,625.606,40.5754,1215.77,-9.48752,75.85054016113281,4.720309412106872,4204.32,498.554661112,6.86398,2059.48,739512,-1242.92,255.0280659100972,209.25725279795006,-1.54886,-3.81639,-0.381917,0.0107858,1249.68,396000,1.83641,34332.04203221155,41.05050370004028,0.0861755,0.0370047,2072.97,0.893177,820.523,0.125293,463.510569876,758.50537109375,-25.1223
680.345,-16.106,-1.41998,0.689615,0,592.38397177,99,0.207953,4.00965,677.436,53.2533,1271.68,-77.66,76.53741455078125,4.899363656528294,3910.75,601.668709095,7.56449,2170.86,745177,-1320.33,258.9907270842232,210.83765566768125,-1.4922,-4.08339,-0.382713,0.0135671,1313.94,400000,3.04855,34592.38914239686,43.25370776001364,0.0630434,0.038241,2187.02,0.91195,789.696,0.181644,535.349254328,765.3741455078125,-50.7487
724.359,-16.7166,-1.46263,0.763491,0,592.399010173,100,0.210568,3.89151,719.388,46.4327,1318.87,-39.5078,76.21878814697266,4.953952548559755,4074.27,600.732801722,7.91419,2262.84,751059,-1352.44,259.44490542123094,209.88026651879773,-1.53929,-4.10238,-0.379928,0.0115514,1358.46,404000,2.51004,34852.17675490258,44.61068635387346,0.0746687,0.0458438,2279.23,0.910753,965.949,0.16946,566.871788292,762.1878662109375,-169.355
735.093,-16.223,-0.886212,0.691159,0,773.281106903,101,0.213191,3.94177,729.916,39.7589,1378.35,1.20605,75.4238510131836,4.9024860905483365,4980.15,823.804716628,8.06323,2390.25,756865,-1412.15,259.00193333951756,209.14541289629415,-1.53064,-4.12055,-0.381703,0.0104144,1411.6,408000,1.34885,35113.66149156494,44.95403435267508,0.0737228,0.0243668,2397.39,0.940997,1146.54,0.0613701,693.543308955,754.238525390625,-5.99842
759.028,-15.6443,-1.03675,0.500088,0,788.348221309,102,0.214793,3.99981,753.812,40.4425,1431.78,-10.7464,70.60881805419922,5.080943010281771,4432.37,758.74688715,8.15504,2380.65,762854,-1470.42,261.9546583541669,209.43619458191097,-1.50437,-5.84248,-0.390819,0.0107564,1458.75,412000,0.554386,35377.85338731157,47.437520761974156,0.03821,0.0389604,2385.81,0.931641,1255.75,0.126311,741.309763998,706.088134765625,-13.13
775.054,-18.5417,-0.180349,0.573684,0,811.220694562,103,0.21004,4.29367,767.176,46.6194,1444.5,-36.2027,85.96414947509766,4.955262396484613,4527.77,808.835196036,8.65456,2560.46,768556,-1481.08,265.21270547341555,210.5821398110129,-1.55802,-5.28816,-0.406381,0.00832415,1494.35,416000,1.10468,35643.92514481209,49.675303265918046,0.0334117,0.0358895,2580.86,0.972213,1261.02,0.0272958,824.882124268,859.6414794921875,-12.6875
807.798,-16.6801,0.0414191,0.285199,0,691.141844552,104,0.211906,4.24551,802.351,67.3652,1437.18,-47.6654,88.83909606933594,4.83645298006013,4514.46,740.659637518,9.44223,2555.75,774210,-1473.61,265.92405243916437,210.55245043803006,-2.51496,-5.25069,-0.398166,0.00691782,1490.11,420000,2.68913,35907.17447842704,50.535149021074176,0.0470438,0.0496033,2577.0,0.993034,1659.73,0.12091,686.835426863,888.3909301757812,-95.0096
787.434,-17.4004,-0.285716,0.677386,0,716.836805991,105,0.215568,5.13685,781.852,61.7522,1452.33,-80.9265,77.85273742675781,4.599963714834303,5030.1,702.089353915,8.88585,2549.12,779638,-1495.21,262.00460544554517,209.54348656674847,-1.66641,-5.47484,-0.40127,0.0062735,1490.53,424000,0.818531,36169.95645089261,47.861155163962394,0.0563347,0.0348712,2560.07,0.971486,1314.52,0.142536,731.589789367,778.52734375,-44.5408
802.786,-16.8584,-0.045639,0.504205,0,627.823978538,106,0.219628,4.69992,787.421,58.7579,1516.75,-15.0656,93.3635482788086,5.054850990418345,5148.58,623.727406025,9.61452,3294.65,785562,-1559.55,263.7229250203818,210.0290760518983,-1.6087,-6.72527,-0.405855,0.00827101,1563.34,428000,1.21766,36432.70314059267,48.63899797806516,0.0486839,0.0276915,3290.23,0.984387,1378.93,-0.0239548,621.48032998,933.6354370117188,17.8069
802.4,-17.8833,0.287908,1.59064,0,403.04888009,107,0.217799,4.64675,796.805,56.5078,1467.85,-5.00213,77.90904998779297,4.899157295003533,5278.51,392.545958403,9.8387,2914.12,791111,-1508.07,263.7068919199519,211.1443473501131,-1.6948,-5.45573,-0.409968,0.0152224,1509.9,432000,1.07164,36689.7417616141,47.66338727483526,0.00576202,0.0299388,3080.72,0.997916,1764.13,0.226043,356.137221671,779.0904541015625,2.94564
843.613,-16.1515,0.453635,0.879691,0,752.969799494,108,0.21617,6.17777,841.687,59.5951,1516.7,-0.254865,81.35623168945312,4.7892513461411,6051.94,822.789374021,9.22566,3272.12,796669,-1548.43,256.40445665223524,210.61942204693332,-1.91442,-11.2616,-0.411975,0.00585914,1551.34,436000,0.861052,36954.44586332282,40.99578325916082,-0.0364412,0.0230305,3297.71,1.00476,2095.15,0.0226026,690.974314024,813.5623168945312,-35.6951
838.202,-19.4858,-0.0756412,0.635703,0,840.113692774,109,0.223532,5.24283,833.387,52.6238,1559.39,-41.3753,78.7122573852539,5.215255687944591,5293.21,819.837726493,8.86396,2796.33,802577,-1608.9,265.26032610423863,210.74896992603317,-1.80002,-10.0718,-0.422656,0.00584909,1604.28,440000,1.30009,37221.37496891292,49.29610049026087,0.00856544,0.0252628,2814.55,0.975868,1533.41,0.0387038,793.439993841,787.12255859375,-8.19818
844.226,-17.4938,0.552343,0.753689,0,843.010451605,110,0.222016,7.85016,838.265,77.1157,1483.74,-18.196,87.95191192626953,5.1718350551091135,5349.2,850.164717132,9.89291,2804.36,808573,-1528.2,266.7108563198708,210.5736084911041,-2.58452,-22.7929,-0.419022,0.00779942,1533.67,444000,1.5985,37490.93249054905,50.96541277365759,0.0365674,0.021765,2826.33,1.03315,2114.29,0.690234,846.371106427,879.5191040039062,-0.222723
1082.56,-15.6588,5.31251,0.523744,0,896.711247611,111,0.264885,5.65726,1087.15,100.694,1742.23,-18.1947,78.64232635498047,5.198163901921362,11914.5,879.451852402,9.33118,3785.03,814335,-1812.1,268.7670916398056,209.75610979879275,-2.37566,-7.89578,-0.51751,0.00674913,1793.68,448000,2.09326,37760.57211450208,53.812817939091474,0.142749,0.0201445,3737.75,1.17697,2997.7,0.249669,852.865334054,786.4232177734375,-18.404
1034.89,-15.8351,2.72303,0.573875,0,858.011422603,112,0.263468,4.57681,1030.62,54.7061,1727.76,-59.3996,80.08477020263672,4.818970572203398,7052.67,853.253068056,9.56686,3529.72,819716,-1779.43,269.2354830969125,209.7302229204215,-2.04271,-4.74955,-0.492808,0.00416896,1792.34,452000,0.681298,38029.000914334785,54.686289604287595,0.127236,0.0205177,3560.61,1.06906,2060.84,0.106896,839.742730297,800.8477172851562,-55.8801
970.13,-16.3568,1.42057,0.354041,0,857.800002796,113,0.238397,4.81032,965.585,49.1343,1706.31,6.83279,77.53240203857422,4.941249385941774,7392.61,890.03519903,9.16623,3207.43,825310,-1752.31,268.70456308079883,209.88303665909916,-1.64976,-7.50457,-0.454687,0.00456896,1743.74,456000,1.80975,38295.94873653492,53.8802770357579,0.101135,0.0159607,3208.19,1.02778,2018.34,0.409281,834.191900712,775.3240356445312,0.346578
918.729,-15.9786,1.05519,0.257446,0,924.113790111,114,0.243471,7.00239,912.257,67.3886,1643.07,-10.9521,75.62113189697266,4.861210993025452,6976.48,906.642794161,9.59399,2999.76,830813,-1688.3,267.98014295240864,210.9947212464176,-2.28951,-8.70836,-0.43791,0.00454941,1681.8,460000,1.53879,38568.05136130331,52.12421071296558,0.124806,0.0194124,3022.56,1.02314,2040.14,0.375012,940.926458378,756.2113037109375,-14.824
1027.85,-15.1813,3.24246,1.20807,0,190.980553693,115,0.261642,4.95496,1024.35,57.9724,1726.87,-17.5956,88.70616912841797,4.781411423813552,7282.64,192.374923406,9.71127,3335.27,836231,-1779.06,270.49095151992515,209.46226567495614,-1.99308,-6.33716,-0.476861,0.00628415,1783.91,464000,1.04945,38819.34937177552,56.24727442115545,0.129176,0.0200369,3380.22,1.10643,2432.6,0.236364,215.316649428,887.0616455078125,-32.0568
1456.84,-18.8124,11.7262,0.651376,0,750.454116897,116,0.286679,7.85882,1558.77,67.6371,2092.69,-16.657,73.9907455444336,4.44472519448027,27950.0,816.186029596,12.7195,5320.82,841429,-2258.7,251.78484950819984,210.2850471609272,-2.60662,-6.86447,-0.560964,0.00695025,2245.48,468000,1.18727,39084.24597078748,37.055077152792364,0.107303,0.0129509,5502.37,1.45289,8845.02,0.333684,742.091096232,739.907470703125,-7.16221
1570.36,-16.0014,7.0099,0.864358,0,888.924777919,117,0.322145,6.88883,1576.44,66.8095,2315.74,-19.1475,80.59697723388672,4.925971767865121,18028.5,901.35366943,11.0409,4903.16,846962,-2396.35,266.0909331976436,210.9974177009426,-2.6703,-7.05416,-0.579444,0.0061716,2396.54,472000,0.265375,39353.40873871464,50.16754372883588,0.234107,0.0150679,4899.04,1.22035,5562.89,0.269107,855.779285466,805.9697265625,-38.2209
1469.06,-16.11,5.5391,1.3303,0,943.538633909,118,0.290932,5.181,1477.02,71.1527,2236.81,-19.7926,77.82833862304688,5.107499870471656,14126.1,968.91497042,10.7961,4554.2,852617,-2318.49,268.22977186832577,209.88227399392053,-2.12396,-6.02095,-0.53979,0.00363693,2323.31,476000,1.25808,39621.69808336487,53.23999800393358,0.185092,0.0172568,4620.05,1.17677,3793.22,0.194733,909.413673471,778.2833862304688,-17.057
1413.71,-17.0338,4.33437,1.52259,0,903.360369719,119,0.280005,6.2232,1404.16,63.9789,2253.1,-36.8386,78.36040496826172,4.680008258204907,11940.5,914.548481786,11.0947,4285.61,857791,-2327.42,268.3433894631453,210.36317774886265,-1.96146,-7.58865,-0.50423,0.00605115,2327.11,480000,2.35468,39889.55490681296,53.300203456077725,0.145901,0.0281052,4314.6,1.15,3861.59,0.549185,895.865801722,783.60400390625,-30.9265
1252.25,-18.5953,3.88654,1.28646,0,423.986449543,120,0.273138,6.5034,1250.17,65.1134,2177.12,-6.96431,72.49227142333984,4.452665943652391,10446.5,437.67453926,10.9706,3845.47,862791,-2244.98,267.51858949894086,210.2515216190368,-2.30724,-5.86606,-0.501057,0.00346046,2244.75,484000,1.1722,40141.91201239033,52.81440193625167,0.104356,0.0223753,3883.75,1.13095,3519.49,0.10107,171.79870519,724.9227294921875,-18.1846
1215.24,-17.1124,3.67563,0.673039,0,525.115328549,121,0.269939,5.67192,1210.16,73.7596,2061.85,-6.81697,101.0789794921875,4.731575852725655,10353.5,431.378460922,11.1904,3960.6,868492,-2121.02,252.5923829334788,210.2065882338211,-2.6426,-6.45167,-0.491365,0.00792836,2119.92,488000,1.87861,40400.61668909807,37.654218846932054,0.0268967,0.0222714,4178.55,1.12935,4153.43,0.404833,438.004453547,1010.789794921875,-16.6774
1250.92,-16.6722,6.79734,0.861172,0,863.723014411,122,0.275158,5.27302,1263.55,76.4583,2071.43,-197.831,91.17829895019531,4.676922217942774,11204.6,899.434370276,10.4309,4605.96,873840,-2156.98,259.24357011402026,210.7982101291418,-1.97051,-7.27904,-0.549097,0.00422633,2153.52,492000,2.23548,40668.735128906555,43.768437766935676,0.0804194,0.0340705,4742.75,1.24124,3512.14,0.401561,851.122922176,911.782958984375,-23.9777
1214.27,-18.5314,4.07445,0.313423,0,973.71188006,123,0.283859,5.51034,1207.36,63.9563,2053.59,-54.248,85.3596420288086,4.626095086336136,9305.34,983.041959672,10.5772,4017.36,879202,-2130.72,267.35418905550614,210.08470579702407,-2.00849,-8.65532,-0.515996,0.00390419,2136.56,496000,1.95765,40934.011584601365,52.64338817214593,0.154173,0.0142844,4069.59,1.12461,3132.03,0.523159,939.417745205,853.596435546875,-119.048
1082.9,-16.1821,2.13119,4.9414,0,88.1952446282,124,0.269441,9.26999,1076.78,94.1078,1970.82,-15.6558,75.59552764892578,4.3632774339057505,7684.89,87.5371060399,9.73975,3522.98,884202,-2017.62,264.7748020379804,209.8451893669553,-2.75271,-5.77216,-0.496405,0.00823251,2008.13,500000,1.26375,41180.92423104821,50.56633523711935,0.118652,0.0163626,3808.13,1.04861,2891.48,0.257726,80.1196446878,755.9552612304688,-5.87214
1134.64,-15.3893,5.66059,1.34384,0,903.378456558,125,0.295441,5.78375,1138.62,79.1871,1916.04,16.3299,103.73115539550781,4.117919603828341,17925.2,883.171150722,10.9777,4408.35,889286,-1970.21,246.5438255551271,209.72065264731646,-2.90544,-6.5858,-0.53737,0.00423267,1992.94,504000,3.10788,41449.15497310646,32.70525330398232,0.0551573,0.0287654,4351.9,1.19816,9409.95,0.179391,864.951720631,1037.3115234375,-43.4416
1051.97,-18.1585,2.042,1.25673,0,964.942892422,126,0.256179,6.52142,1048.55,65.8874,1819.8,-47.588,79.87957000732422,4.43235502531752,6464.4,973.252395906,9.35813,3388.66,894286,-1872.22,268.37791035789996,209.5528188808821,-1.92288,-6.91037,-0.47059,0.00523245,1866.14,508000,1.03611,41715.882680929266,54.39273645170033,0.164975,0.0189382,3407.34,1.04533,1900.89,0.123673,949.295351657,798.795654296875,-23.1471
1055.26,-17.8097,2.49092,0.966155,0,650.738137905,127,0.263284,7.23943,1051.59,73.7986,1853.47,-134.293,83.62311553955078,4.702057346701622,6563.75,611.923220662,10.1637,3525.13,899673,-1902.8,267.4223066130653,209.9771204907447,-2.96732,-6.29346,-0.481319,0.00635896,1905.65,512000,1.60133,41974.98514337186,52.74312877561897,0.0838763,0.0174148,3858.22,1.07576,2249.87,0.107408,450.716458221,836.2311401367188,-64.3403
1127.52,-15.3241,8.84089,0.978553,0,949.374855234,128,0.29687,5.48299,1189.87,65.9624,1867.1,-19.4179,128.30322265625,4.69093486526981,17089.0,949.317428322,12.3987,5160.46,905049,-1973.95,258.88609239365906,209.77097379229963,-2.72724,-5.70223,-0.551994,0.00342438,1956.03,516000,2.74582,42240.99452122953,44.42418373608962,0.0456733,0.0232728,5305.95,1.33186,6334.71,0.37376,905.931172951,1283.0322265625,-75.6379
1440.72,-16.4957,6.25529,0.472694,0,944.766138984,129,0.329324,7.00031,1455.73,55.6983,2235.88,-35.881,91.16974639892578,4.492109402548522,12239.8,932.084478009,9.90806,5049.88,910199,-2313.5,266.1850222311914,210.14471168303862,-2.13824,-5.59942,-0.583326,0.00270122,2315.91,520000,1.21693,42508.447294322774,51.54820114560425,0.184647,0.0197513,5131.26,1.17445,3492.51,0.391645,919.175170861,911.6974487304688,-45.9814
1292.16,-16.0312,4.4041,0.970513,0,970.166894163,130,0.288934,6.9603,1291.12,80.7165,2120.53,-48.7517,79.11737060546875,4.344344812911004,10325.4,978.197373558,10.0804,4483.51,915199,-2188.96,267.17691859137267,210.01561725558713,-2.46248,-8.56334,-0.529372,0.00230273,2203.2,524000,0.520869,42771.62659738166,52.816956522874534,0.154342,0.0223008,4504.49,1.13355,3457.96,0.410656,956.094019806,791.1737060546875,11.6818
1235.63,-15.8658,3.86214,0.759537,0,964.151953244,131,0.261056,4.81263,1233.68,58.6069,2032.17,-4.13183,88.26153564453125,4.456333342473954,8705.29,963.330584899,9.99931,4358.55,920374,-2088.15,263.37656039651483,210.10011313902214,-2.07844,-6.44689,-0.49785,0.00513244,2082.33,528000,3.8728,43036.98703210801,48.82011391501874,0.105791,0.00032561,4381.83,1.12617,2696.7,0.375689,948.13374465,882.6153564453125,-19.417
1152.0,-17.4875,3.42367,0.42889,0,928.272494697,132,0.265292,7.12352,1140.41,71.4657,2031.05,-22.6222,91.89415740966797,4.42621846171096,7078.25,918.638289667,10.6162,4185.96,925514,-2100.98,264.3487747265026,209.11793074617162,-2.35619,-5.55867,-0.501827,0.00487072,2095.75,532000,0.785825,43302.023280170746,50.804625518620014,0.0960354,0.019778,4215.52,1.11024,2471.88,0.161824,928.566973322,918.9415283203125,-17.3039
1129.25,-17.4414,2.68326,0.455715,0,755.409811697,133,0.261005,5.14277,1122.27,62.0239,2019.57,-74.6903,93.41995239257812,4.52412542514503,7657.04,751.691222577,10.2342,4174.92,930856,-2074.94,265.101876294706,209.08487008931115,-2.0853,-5.31878,-0.478169,0.00287644,2067.8,536000,0.61787,43563.740939134266,51.492880780249834,0.0567286,0.0130995,4220.7,1.08748,2726.9,0.110269,706.491488848,934.1995239257812,-27.09
1137.65,-18.204,2.51573,0.672323,0,918.927874992,134,0.251598,5.95184,1140.4,67.8014,1905.81,-14.2504,115.2013931274414,4.756397002376616,8425.1,899.441768257,10.5462,5524.2,936414,-1964.71,261.2478825747967,208.3819640413858,-2.82089,-5.9899,-0.46349,0.00269708,1964.23,540000,7.0716,43829.66107160831,48.10952153103426,0.06497,0.0164453,5646.43,1.08777,2893.92,0.464566,845.475057797,1152.013916015625,-80.1444
1089.9,-17.2982,1.60345,1.35527,0,876.802040971,135,0.248345,5.69404,1082.28,63.9825,1839.9,-70.3574,106.9275131225586,4.374595887493342,7188.31,860.885490205,9.98394,4836.3,941414,-1889.92,266.59803996188566,209.44056462030858,-2.1668,-4.68985,-0.468105,0.00282311,1893.73,544000,6.18468,44095.243558228016,52.78287945408374,0.146362,0.0171362,4908.44,1.03211,2436.25,0.166741,807.241022089,1069.275146484375,-34.6192
1095.25,-15.157,1.79063,0.607885,0,709.896564818,136,0.242734,6.01867,1100.59,62.1372,1814.5,-94.4307,117.3664321899414,5.2624151152558625,7734.88,641.19262143,10.0316,5413.77,947377,-1866.39,268.12712544901296,211.09693129500374,-2.01252,-5.55603,-0.466138,0.00266811,1878.34,548000,1.06974,44360.11913090758,51.76777903875336,0.0939159,0.0185659,5501.12,1.04855,3407.99,0.315516,669.376004963,1173.664306640625,-53.5687
933.772,-16.6208,0.607938,1.20936,0,749.353765363,137,0.237018,5.89258,925.606,78.3045,1792.74,-12.6372,69.6691665649414,5.014587826561183,5653.27,707.856351052,9.5298,3047.1,953169,-1836.82,263.71282498538494,210.18081986811012,-2.0245,-8.52945,-0.442758,0.00336516,1841.67,552000,0.375942,44624.77453757543,48.51741729071364,0.104085,0.0129946,3066.66,0.994647,2062.67,0.0673969,695.203484212,696.691650390625,-115.979
925.715,-15.96,0.358813,0.462953,0,903.0839653,138,0.231235,4.15035,919.513,55.0223,1726.48,-3.86757,72.33424377441406,4.896321269217879,5138.75,853.190016314,8.97406,3057.38,958778,-1764.28,264.63501850375906,210.27788143092766,-2.09241,-5.67088,-0.430896,0.00306436,1773.59,556000,1.10616,44892.09387936536,49.460815803613514,0.0926027,0.0135849,3189.48,0.987916,2068.15,0.125399,845.743665708,723.3424072265625,1.66832
1526.55,-16.5752,1.56567,0.717131,0,757.652012043,139,0.26255,5.81993,1551.66,75.8771,1994.36,-58.3887,316.28070068359375,5.285906819626689,6348.98,787.311196149,11.2623,10916.4,964836,-2055.5,267.0492323101498,209.6173309162259,-2.80968,-8.21142,-0.475134,0.00307187,2052.61,560000,1.73098,45154.721597753,52.14599457429722,0.088255,0.0205255,11208.9,1.04308,3038.91,0.0455937,647.051979017,3162.806884765625,-25.2085
1639.43,-15.7794,1.9868,1.37497,0,811.507339564,140,0.262046,10.7387,1664.61,73.828,2069.91,-10.7215,332.3234558105469,4.79541061911732,13515.6,731.668778465,11.6186,11773.4,970461,-2122.95,262.4586774450727,209.9378463132307,-2.27349,-6.25818,-0.464471,0.00138634,2125.44,564000,0.927451,45419.60876560351,47.72542051272467,0.100475,0.0115488,11975.2,1.07168,4272.64,0.308264,769.790832384,3323.234619140625,-7.06345
955.918,-17.4148,2.50242,0.452873,0,965.249378783,141,0.272007,6.4302,964.141,68.122,1711.4,-31.1085,90.93305969238281,5.115789968986064,5663.93,940.524062337,8.61075,4026.72,976296,-1758.37,266.4238337748684,211.14469829201698,-1.80616,-6.28048,-0.504768,0.00170825,1762.1,568000,1.2668,45688.03982468927,50.16334551386535,0.133764,0.00165231,4018.68,1.05215,2297.62,0.190544,938.18536681,909.33056640625,-14.4877
937.655,-16.8149,1.09838,0.380671,0,940.621580544,142,0.243517,5.15484,941.918,67.7184,1693.49,19.4727,81.09188079833984,4.396652509458363,4846.34,957.939123929,8.63535,3268.52,981296,-1741.75,266.7570040063001,210.19325988786295,-1.87183,-5.78618,-0.455181,0.0020063,1744.0,572000,4.34719,45952.798685272224,52.16709160897881,0.0892339,2.06039e-08,3305.54,1.01022,1538.04,0.554343,896.641850623,810.9187622070312,-94.2607
875.52,-15.3273,-0.0404878,0.630502,0,953.934219434,143,0.23718,8.64819,863.97,81.0893,1761.31,-18.7092,77.9151840209961,4.460546630434692,4402.74,942.739056772,8.908,2967.43,986462,-1798.62,264.7043011584319,210.0738141350448,-2.47819,-5.67296,-0.446646,0.0026759,1804.29,576000,0.763467,46219.323052418884,50.16994039295241,0.0802713,0.0103713,2972.63,0.96419,1500.66,0.250459,933.480183241,779.15185546875,16.9184
1036.01,-15.9286,0.855134,0.48218,0,949.833609222,144,0.254211,6.92468,1025.95,70.6976,1849.18,-3.43421,112.55086517333984,4.374529597349465,5984.71,941.338738594,9.58754,4948.72,991462,-1884.48,266.0102834207937,209.64498223923147,-2.59472,-5.59803,-0.46185,0.0030328,1902.41,580000,0.832196,46485.33492715331,51.99077158421278,0.0888278,0.0106595,4942.37,1.00012,2701.23,0.0922,925.833261908,1125.5086669921875,-0.452881
921.6,-15.9284,0.624544,1.37247,0,873.977488965,145,0.246376,4.82279,918.947,69.9018,1720.35,-39.4485,84.3028793334961,4.28258668910712,6020.94,896.113857451,9.70598,3226.6,996462,-1756.35,265.5376064372249,209.26191736012697,-2.22708,-5.30069,-0.451853,0.00312865,1760.31,584000,2.02966,46750.359853151254,51.9931023879908,0.0905858,0.0145355,3283.54,0.994459,3065.92,0.239462,797.421417941,843.0287475585938,-4.90204
1759.09,-17.4285,12.2218,0.923524,0,900.831443617,146,0.401977,6.04294,1827.38,74.7681,2580.29,-11.8936,130.75978088378906,4.943012873176485,33346.2,895.326329011,11.9035,6686.43,1002021,-2724.12,266.4512498304248,210.02437539491802,-2.61507,-5.88967,-0.665066,0.00521339,2714.6,588000,4.60372,47020.46673092712,51.483861562330276,0.213926,0.0122404,6837.45,1.38991,7397.53,0.263026,855.55935389,1307.5977783203125,-58.0447
2145.75,-15.7312,9.5478,1.1561,0,961.194132499,147,0.36124,6.30938,2166.15,75.6421,2977.77,-69.3184,103.26348114013672,5.68586080474779,25723.1,946.058976172,11.8118,8797.14,1008216,-3082.54,271.87204109691083,211.04685089783743,-2.36909,-6.76469,-0.628464,0.00324047,3095.82,592000,1.5247,47287.10201806156,55.139329394325614,0.257822,0.0120162,8863.41,1.29705,6909.88,0.30027,924.502563765,1032.634765625,-38.7766
1952.18,-15.2099,8.2432,1.33929,0,968.725735123,148,0.319336,6.10256,1952.12,71.7682,3029.31,-39.396,96.25260162353516,4.390046615153551,17745.3,956.90974178,11.7163,6929.02,1013216,-3141.97,265.05246414104477,210.75902833603323,-2.33499,-7.70951,-0.600844,0.00323416,3128.4,596000,1.57682,47552.82429359807,49.90338918985799,0.158596,0.0137165,6936.28,1.27495,5351.25,0.993118,949.744532884,962.5260009765625,-29.7243
1804.52,-17.2046,5.76767,1.19382,0,967.31274383,149,0.299633,6.47506,1797.89,65.4204,2804.23,-8.52139,129.48516845703125,4.38899943465367,15305.6,962.107903895,11.2355,6443.59,1018216,-2885.39,265.45908585656434,210.4957832028158,-2.47008,-6.33667,-0.546491,0.00172938,2878.0,600000,1.69025,47821.6517906473,50.57430321909487,0.115081,0.00994187,6440.24,1.19623,4723.18,0.733652,943.089871014,1294.8516845703125,0.396503
1729.25,-20.9669,5.43478,0.807075,0,965.712816473,150,0.286854,5.47001,1721.29,76.7727,2916.06,-55.056,134.72537231445312,4.431099019944668,13886.1,967.50729499,11.9019,7065.74,1023216,-2989.95,268.03216699743643,209.65732768084854,-2.82421,-7.68925,-0.53665,0.00155745,3005.55,604000,10.0532,48086.53459913144,53.94374029664323,0.139202,0.0127513,7089.88,1.19118,5118.66,0.374849,970.883794693,1347.253662109375,-15.0716
1468.66,-15.206,4.24793,1.56084,0,967.61847,151,0.286831,5.85217,1451.32,77.7784,2576.95,-12.7933,88.8898696899414,4.568663140293211,9852.34,975.990993134,11.4768,4697.51,1028400,-2648.21,264.3311873865314,208.9674827400595,-3.04044,-5.43439,-0.529534,0.00184088,2644.33,608000,0.843316,48350.74648291152,50.79504150617868,0.107948,0.00929377,4714.09,1.13542,3623.22,0.219626,974.556705437,888.898681640625,-56.4154
1360.14,-17.9693,3.46434,0.846193,0,939.909751923,152,0.272815,5.6905,1347.08,78.981,2390.28,-17.3564,85.6572036743164,4.326524675823748,9371.31,932.543288956,11.5846,4576.69,1033400,-2447.82,265.59050986822695,210.58718074532226,-2.22891,-6.69777,-0.497755,0.00218227,2455.05,612000,0.927596,48617.14625396067,50.67680444708094,0.0575929,0.00416914,4601.79,1.11782,3856.13,0.557722,934.815707867,856.572021484375,5.84977
1223.26,-17.8834,1.99729,0.611721,0,970.170512417,153,0.268174,5.09746,1216.58,66.1195,2124.35,-132.848,82.34693145751953,4.377465706318617,8360.22,962.566900538,10.2543,3870.74,1038400,-2177.16,265.65484089544043,209.79046435514465,-2.68051,-6.02917,-0.475754,0.00200212,2180.79,616000,1.67518,48883.13154799724,51.48691083397716,0.072869,0.010671,3884.29,1.05245,3004.54,0.390394,952.475960076,823.4692993164062,1.60097
1232.4,-19.8149,2.05454,0.429777,0,930.022682142,154,0.266324,8.55586,1219.27,83.9412,2331.84,-11.3454,122.12139892578125,4.363518310710788,7986.33,923.164819426,10.9222,4332.48,1043400,-2375.34,266.33519106172025,210.15323158819228,-2.34003,-6.12397,-0.479099,0.00247356,2395.67,620000,1.9471,49149.27379602427,51.81844116281718,0.0274179,0.0104707,4355.5,1.05954,3752.4,0.277525,897.07055652,1221.2139892578125,0.154471
1118.44,-15.9751,1.52555,0.891259,0,948.45481051,155,0.252598,8.19639,1108.87,79.673,2122.63,5.18112,76.20714569091797,4.345579891931266,6204.7,965.579492786,10.4392,3709.27,1048400,-2164.04,266.3776553468779,210.40573450969532,-2.68943,-5.26444,-0.463233,0.00221576,2181.93,624000,1.09842,49415.20609559724,51.626340945251286,0.0704749,0.00851249,3961.84,1.03807,2810.47,0.381388,941.740518593,762.0714111328125,11.5304
1053.44,-15.5893,0.993897,0.168386,0,962.480898431,156,0.254221,8.4776,1038.9,73.811,2067.65,-151.311,72.77984619140625,4.291423754300922,6515.44,949.657267927,9.99808,3325.03,1053400,-2112.67,265.1654620273039,209.69202004699036,-2.64482,-6.19529,-0.454692,0.00251655,2113.28,628000,1.0528,49679.61363265058,51.18201822601259,0.0392636,0.00844676,3344.44,1.02043,2407.27,0.156129,948.750619015,727.7984619140625,-38.4346
1039.6,-20.6762,0.684797,1.1879,0,962.732292209,157,0.244059,5.92374,1029.34,62.5839,2058.15,0.511456,72.71924591064453,4.227648928761482,6239.41,970.519515729,9.88681,4140.75,1058400,-2101.75,262.20690260315314,207.55427525006235,-2.78177,-6.33236,-0.448711,0.0069832,2092.09,632000,0.935256,49943.17125607235,50.42497842432931,0.054096,0.0112551,3910.09,1.00494,2426.17,0.180803,958.100199749,727.1924438476562,-173.207
1019.9,-16.7447,0.740512,0.665439,0,964.639520867,158,0.247074,6.40074,1029.46,67.7274,2000.01,-49.2208,70.02469635009766,4.433491671457887,7266.63,971.374863847,9.81187,4412.67,1063400,-2043.46,264.8561182343401,208.64593150978908,-2.25454,-5.46827,-0.448114,0.00794772,2082.2,636000,0.888831,50206.900954699144,51.776695053093135,0.116492,0.0225103,4196.96,1.00255,6401.59,0.253022,966.008978574,700.2469482421875,40.1026
968.931,-18.9966,0.551991,0.720065,0,965.958427362,159,0.257635,5.29972,961.897,59.706,1882.21,-0.803196,72.54492950439453,4.511497385799885,5704.91,948.827063873,10.1773,3224.42,1068593,-1932.47,265.49551397562027,210.33287455979735,-2.30272,-6.73484,-0.459583,0.00620465,1944.94,640000,0.699698,50473.18422054127,50.65114203002304,0.0631724,0.0163778,3162.08,0.99021,2153.35,0.223146,959.287496055,725.4492797851562,-10.895
960.646,-16.9456,0.388628,0.548274,0,946.218287072,160,0.251214,5.45672,948.69,69.4852,1848.48,11.2625,75.55113983154297,4.318787522148341,5173.04,960.611135191,9.94169,2938.36,1073593,-1889.34,264.34684468479827,208.58797927200794,-2.27611,-5.08904,-0.442268,0.00532017,1886.63,644000,0.967338,50737.432401105296,51.44007789064199,0.067649,0.0214005,3046.95,0.988344,2162.41,0.216241,926.475159389,755.5113525390625,-20.9926
935.539,-16.35,0.428005,1.00205,0,948.349421974,161,0.254455,6.89975,921.217,71.0649,1921.57,-21.4326,73.31761169433594,4.2784164058975875,5162.73,941.595875774,9.92143,3839.59,1078593,-1955.71,265.28052908508107,209.66009378107265,-2.44636,-6.30791,-0.451512,0.00318006,1964.04,648000,1.08563,51001.51975036971,51.34201889811084,0.0744158,0.0187584,4064.23,0.979037,2403.26,0.639558,844.746215381,733.1760864257812,-25.9199
953.548,-16.9798,0.788155,1.71367,0,560.178184269,162,0.253073,6.5461,940.996,59.4643,1893.2,-2.83096,75.880859375,4.59231065120548,8238.17,548.599245555,10.4892,4763.12,1083967,-1939.48,264.7698787911795,210.02769606094807,-2.66,-6.12018,-0.45415,0.00747796,1932.91,652000,1.30584,51261.00555961626,50.149872079025954,0.0696681,0.0159494,5388.14,1.00908,3615.75,0.3103,509.369895709,758.80859375,-12.2779
1311.53,-15.8238,9.18145,3.36201,0,301.527790178,163,0.296831,5.97794,1338.33,70.6938,2210.37,-62.7351,106.75666809082031,4.795515187084675,25224.4,312.240717459,12.1475,9036.39,1089448,-2298.73,260.3068433366716,210.6444964846596,-2.27334,-7.47914,-0.556029,0.00831028,2303.87,656000,2.35293,51519.47825018456,44.866831664927304,0.0906926,0.0189905,9111.63,1.33803,9277.48,0.206793,357.174363319,1067.566650390625,-14.4596
2298.29,-15.8562,17.8507,2.46915,0,735.973873779,164,0.350298,8.10793,2405.54,77.2534,3734.48,-74.0484,121.58685302734375,4.941176681313664,121843.0,663.715525642,13.3362,12196.4,1094891,-3975.81,258.61552137788385,210.6406434448436,-3.53029,-7.02922,-0.667812,0.00737616,3971.73,660000,6.4461,51785.148512948304,43.0337012517266,0.497821,0.0254527,13161.8,1.55471,31288.8,1.40909,653.507690897,1215.8685302734375,-71.2386
3546.2,-16.5888,17.4318,2.72488,0,839.072301588,165,0.394789,10.5296,3565.21,88.0445,5905.74,-87.8584,116.97248840332031,5.1196533385664225,94845.7,845.41331825,14.4328,11065.4,1100437,-6129.41,265.43989954097196,210.23110993858427,-2.57613,-7.7383,-0.701758,0.00784281,6107.93,664000,0.988368,52055.4657030548,50.089136263821274,0.3133,0.0205222,10777.0,1.5844,24432.4,0.951047,816.244775027,1169.724853515625,-145.078
3549.37,-15.8872,14.4425,1.45299,0,848.781514606,166,0.365599,7.18779,3541.34,88.7748,5928.53,-33.8162,116.1563491821289,5.636370074469596,73560.1,878.839183278,14.5792,10718.4,1106592,-6094.09,270.52955459663644,209.8062281589955,-2.66246,-8.92795,-0.675632,0.00787138,6133.42,668000,2.84461,52324.07725701947,55.08695636317134,0.280249,0.0192875,10820.2,1.49027,22667.9,1.71272,854.994037011,1161.5634765625,-109.839
3260.01,-16.3255,13.4076,0.470555,0,894.474731297,167,0.355765,9.44176,3230.61,85.2569,5275.39,-62.8366,128.72781372070312,5.276083073578775,66178.8,932.477678847,15.3307,10695.1,1112557,-5437.06,269.01214214926586,210.6861801748164,-3.92644,-9.13953,-0.656453,0.00394209,5412.66,672000,1.03833,52593.50734669017,53.04987890087068,0.206179,0.0198499,10738.4,1.47426,24116.7,0.954243,899.463398042,1287.278076171875,-39.7292
2706.46,-16.3723,9.83256,1.11174,0,964.034521922,168,0.338242,7.46204,2671.46,80.3964,4820.41,-62.2437,80.7344970703125,4.9881073837168515,48538.4,948.329817105,13.8535,8017.17,1118210,-4947.94,269.17797224922106,210.72120375093073,-2.34452,-8.91768,-0.620613,0.00311943,4956.0,676000,0.943305,52862.74581286684,53.46866111457348,0.144559,0.0148908,7983.07,1.34957,14743.2,0.960638,946.360684449,807.344970703125,-73.2852
2441.63,-16.3432,8.02092,0.461113,0,957.76361233,169,0.319665,11.2147,2415.95,105.315,4249.71,-26.4419,98.73087310791016,4.474931484553963,32178.9,966.716973566,13.8832,8194.28,1123210,-4349.41,268.88370712054893,210.87858536373824,-3.75024,-6.36014,-0.589871,0.00226532,4339.3,680000,0.830945,53129.8439551061,53.53019027225673,0.12309,0.0145477,8178.64,1.29578,12525.3,0.792946,955.675643756,987.3087158203125,-87.7543
2034.79,-15.3223,5.17859,1.12006,0,949.032267414,170,0.314197,9.16617,2008.54,77.0764,3866.78,-37.2161,80.43966674804688,4.354391417000443,22340.7,950.321443323,12.4787,6355.51,1128210,-3937.85,266.2539560100995,210.15410497318953,-2.90487,-10.7847,-0.547598,0.00253866,3949.28,684000,0.928663,53398.87934954977,51.745459619909525,0.114144,0.0132492,6378.89,1.17401,8173.6,0.813218,923.91120105,804.3966674804688,-175.824
1886.44,-18.4366,4.36839,0.858475,0,963.05856929,171,0.300751,7.35279,1848.22,100.94,3562.69,-38.9289,81.79839324951172,4.432367943227291,14927.8,968.144425407,12.4201,5705.63,1133210,-3637.65,269.04290662519634,210.0826377910562,-3.17805,-7.75732,-0.542824,0.00333427,3639.2,688000,1.7972,53663.04180078348,54.52790089091286,0.102438,0.0150684,5708.12,1.14833,7657.92,0.663643,965.600370846,817.98388671875,-82.3283
1677.11,-15.2027,3.25082,1.14947,0,968.623333914,172,0.290373,7.67704,1638.66,111.503,3301.27,-72.9974,80.60460662841797,4.345973468851298,13517.9,964.099648789,12.4136,5218.47,1138210,-3368.28,263.9360176087357,209.94163334509358,-3.93621,-7.85895,-0.505956,0.00235839,3359.45,692000,1.70216,53926.81700915238,49.648410794790834,0.0915832,0.0128087,5307.0,1.11378,6046.55,0.915465,963.272622013,806.0460205078125,-193.701
1547.03,-16.7547,3.62256,0.388179,0,964.138508481,173,0.29037,9.0101,1529.61,98.4979,2927.83,-9.4669,77.0235366821289,4.405148985795677,12602.6,956.384446683,12.1841,4795.34,1143210,-2991.51,263.44239318044856,209.54855083487928,-2.62783,-7.0934,-0.51846,0.0032219,2994.73,696000,1.58689,54192.53630753793,49.488693359773606,0.116567,0.0107165,5029.7,1.12013,4917.99,0.294228,939.576975517,770.2353515625,-18.945
1407.15,-15.9921,2.58658,1.34743,0,891.576242715,174,0.281261,7.86317,1378.53,77.888,2740.46,-41.3146,75.21051788330078,4.590443481691182,10283.1,929.547715847,11.5534,4237.91,1148401,-2805.76,266.45230353763327,210.0954678049311,-2.35107,-5.49544,-0.487455,0.00428344,2795.92,700000,1.75815,54456.862260369584,51.766392251010984,0.117177,0.0157988,4240.78,1.08082,4143.5,1.1545,773.791097149,752.1051635742188,-55.8718
1348.89,-15.4929,1.92819,1.51073,0,890.041312572,175,0.285557,7.83158,1331.87,81.4813,2723.77,-31.6817,94.7707748413086,4.9381935284473,12972.3,934.616575698,11.6568,8181.86,1154131,-2780.42,266.4234982416965,211.75332017010078,-2.90148,-9.98427,-0.497483,0.00174917,2775.82,704000,4.98255,54726.882289823145,49.73198454314843,0.0137593,0.00805362,8733.87,1.05777,5840.77,1.13328,882.639746018,947.7077026367188,-62.6625
1556.59,-17.7538,7.73492,2.83352,0,957.378355522,176,0.375031,7.26627,1567.6,91.5707,2695.44,4.61994,112.3650894165039,4.952418016269803,18334.9,969.359022246,10.163,5870.23,1159488,-2770.79,268.4284383105114,210.23822532733902,-2.67598,-10.7359,-0.634068,0.00183655,2763.82,708000,1.7292,54993.95823704731,53.237794966902584,0.0515447,0.00612528,5920.5,1.22963,5112.34,0.195446,938.133287032,1123.65087890625,-21.248
1685.82,-15.778,6.83118,0.863797,0,939.577063884,177,0.360168,6.07621,1703.25,76.123,2684.86,-25.7999,141.99017333984375,4.677986592520028,16106.6,913.57854993,9.86794,5861.71,1164488,-2752.3,266.36644285172224,209.80198315205052,-2.58864,-6.36503,-0.622336,0.00123406,2767.52,712000,2.33185,55262.81909515383,51.88647310715169,0.165536,0.00477311,5870.54,1.188,4608.44,0.629513,928.451675082,1419.9017333984375,-4.18638
1736.12,-14.9916,6.89371,3.36902,0,749.352526518,178,0.346819,10.8726,1730.63,99.2087,2951.71,-2.80992,99.04196166992188,4.734483107924461,15064.7,786.902907922,10.9499,9094.73,1169679,-3035.55,268.43976987106726,209.32324619404972,-2.7115,-9.41935,-0.616549,0.00187914,3022.34,716000,1.68472,55526.86798404483,54.38204056909308,0.114143,0.00734753,8913.51,1.20894,5535.21,1.08169,718.53923903,990.4196166992188,-57.1901
1534.81,-16.5596,4.9761,1.33861,0,740.476247723,179,0.328836,7.85895,1525.85,108.792,2685.39,-64.5458,101.39862823486328,5.0926792290993035,14005.1,687.944349816,11.1937,10481.8,1175270,-2745.64,264.2876175651327,209.2026933422312,-2.65939,-5.91042,-0.572784,0.00454054,2765.1,720000,1.6689,55791.72277275426,49.99224499380216,0.145996,0.00566337,11289.9,1.14548,5757.47,0.614974,685.559557907,1013.9862670898438,-19.4135
1634.13,-14.4904,11.3642,2.79459,0,550.073896798,180,0.307204,6.14142,1668.9,81.5921,2781.21,-19.9568,91.73524475097656,5.282568539027125,36650.1,597.619374837,12.8144,9717.43,1181105,-2879.76,265.91179152484983,210.0689801662229,-2.55229,-6.63182,-0.604479,0.00507751,2883.68,724000,2.20064,56057.28082656255,50.56024281959981,-0.0981649,0.00459855,10270.1,1.40894,12726.3,0.527542,575.516387108,917.3524169921875,-93.1523
4127.56,-15.9596,20.6125,2.50244,0,820.807501137,181,0.468643,7.23593,4200.09,89.9744,6268.8,-37.4468,114.740966796875,5.253768676426262,124260.0,744.706961034,14.3193,13142.8,1186641,-6574.82,265.9555075680837,210.4942115410231,-3.42971,-8.2868,-0.790189,0.00627345,6581.8,728000,1.86253,56326.3195101507,50.20752735063434,0.0231681,0.0119897,13487.0,1.67992,27740.9,0.630843,774.25609967,1147.40966796875,-111.721
4508.65,-16.2939,18.4838,2.91301,0,955.886540644,182,0.432855,6.99772,4528.69,89.9712,7074.5,9.22674,102.51924133300781,5.54865698562935,117722.0,943.098923021,15.2555,13231.4,1192588,-7313.06,269.0265752947889,210.1425088183023,-3.06624,-8.26531,-0.742101,1.07177e-07,7290.18,732000,3.27131,56597.42415188672,53.33540949085727,0.0133183,0.0118073,13298.6,1.63823,35766.6,1.27583,915.782003614,1025.1923828125,-25.4534
4057.16,-15.4737,15.7568,1.72957,0,965.090038895,183,0.385639,8.65325,4057.83,87.7251,6494.06,-115.4,99.0076904296875,4.8386572524905205,89397.6,972.671424739,15.9407,12173.0,1197706,-6691.46,270.6085655284114,210.39888003701344,-2.98823,-8.24928,-0.705821,0.00438412,6710.15,736000,2.86087,56864.429588493425,55.371028238907456,0.0578919,0.0128621,12248.5,1.56599,30405.0,1.72827,959.169198798,990.076904296875,-67.9869
3544.14,-14.014,11.3457,0.981812,0,961.290364427,184,0.365749,8.54081,3501.28,97.0084,6213.28,-78.9859,92.65238189697266,4.588069178629667,62939.5,971.067873266,14.7685,10598.6,1202706,-6377.43,266.37912444677204,210.0222833752632,-2.86262,-8.56147,-0.653454,0.00363483,6363.73,740000,1.32382,57128.9381336621,51.76877189287916,0.0921278,0.0114917,10633.5,1.40944,25386.7,0.915413,968.773477789,926.5238037109375,-32.3619
3024.81,-15.1728,9.09997,1.16384,0,970.604816709,185,0.357021,7.58178,2991.08,90.2285,5600.81,-42.9996,100.2029800415039,4.459832388907671,45561.2,976.669916225,14.8821,9297.0,1207706,-5735.23,264.8269067336805,210.46773141203448,-2.54893,-7.16419,-0.631498,0.00354853,5749.18,744000,5.28184,57395.7295798054,49.899342932738364,0.0924969,0.0119512,9345.1,1.33071,17217.2,0.865277,961.601360544,1002.02978515625,-110.304
2603.82,-15.9497,7.67704,1.56655,0,975.36511838,186,0.341342,11.7447,2574.99,94.2575,4950.4,-176.552,91.87242889404297,4.51472781598568,35551.8,977.890365267,14.5674,8580.34,1212706,-5045.22,266.8725803219713,210.49305323092267,-2.65307,-8.41619,-0.60475,0.00204809,5046.98,748000,1.05381,57659.935676387046,51.86479927506298,0.118673,0.00963687,8607.08,1.27991,13205.3,2.0,972.491586089,918.7242431640625,-44.2045
2190.2,-14.2801,5.90488,1.1022,0,973.770123334,187,0.331679,6.59968,2153.6,105.601,4218.56,-16.3262,82.03398895263672,4.322255091741681,30008.5,974.237229922,13.6927,6692.32,1217706,-4297.83,264.5644210316241,211.04284048685804,-4.17091,-9.33939,-0.575688,0.0026136,4298.64,752000,0.303342,57924.7568613654,49.19932545302436,0.112025,0.00779158,6696.9,1.21126,10954.7,0.613959,975.347107428,820.33984375,-78.0352
1999.74,-15.3591,5.34434,1.28227,0,972.441780096,188,0.30891,8.52013,1967.48,93.5971,3743.69,-124.689,84.36808776855469,4.377747172489762,23907.5,977.997082863,13.5014,6101.49,1222706,-3823.11,265.08657080773264,211.2515573282726,-2.90168,-7.91126,-0.54143,0.00293455,3822.43,756000,1.65755,58190.65421077795,49.45726630697027,0.114971,0.00841181,6107.06,1.19903,7791.07,0.315138,951.4056512,843.6808471679688,-100.616
1795.91,-18.0479,3.17889,0.700898,0,975.770738879,189,0.298292,7.93597,1768.69,88.9593,3603.29,-35.3109,84.81721496582031,4.375894983764738,16269.6,970.091179102,12.7199,5783.12,1227706,-3661.45,264.9067268995568,210.26175074884668,-2.95993,-7.1651,-0.513873,0.00184933,3667.09,760000,0.535996,58454.59304203,50.2690811669454,0.0812447,0.00719633,5773.19,1.11319,6394.56,0.551682,977.522387352,848.172119140625,-58.053
1599.2,-15.5948,2.42987,0.850629,0,975.991026056,190,0.298398,10.7885,1571.86,88.8452,3230.1,-27.8374,76.57714080810547,4.309038231614977,12225.0,977.029118755,12.1426,4925.08,1232706,-3287.86,263.93206092948094,210.3209134489298,-2.82211,-8.31444,-0.507579,0.00198552,3303.92,764000,1.38344,58718.374538744334,49.302109248936176,0.111693,0.00935885,4955.03,1.07562,5936.9,0.275581,972.373333722,765.7713623046875,-25.6268
1479.52,-16.1712,2.55301,0.749254,0,975.315982985,191,0.299935,7.15208,1450.48,83.1391,3084.35,-43.9289,81.4348373413086,4.274720089510083,12218.2,969.492440942,12.4476,4609.4,1237706,-3142.55,263.39557414967567,209.9681813060306,-2.73984,-7.50683,-0.520779,0.00198526,3140.03,768000,2.43287,58981.246045284905,49.15267275413498,0.107058,0.015689,4619.74,1.0684,4879.78,0.523171,966.57729989,814.348388671875,-65.7134
1366.03,-19.9347,1.25572,0.365214,0,979.153322918,192,0.282538,8.13699,1347.15,96.216,2782.02,12.6737,79.45845031738281,4.237377803307027,9743.34,974.177054353,11.5438,4361.32,1242706,-2825.12,262.57032860070467,209.70315874367952,-3.24818,-7.83055,-0.48021,0.00173252,2836.34,772000,0.924999,59243.35906489985,48.62979205371812,0.102693,0.00791173,4391.49,1.02483,4008.22,0.55031,978.080884292,794.58447265625,-20.5909
1266.82,-15.9604,0.572906,0.613528,0,978.3420095,193,0.284196,5.1397,1248.03,75.9829,2666.14,-47.8256,78.61934661865234,4.22054209979251,8424.73,974.997142722,10.9586,3990.85,1247706,-2705.55,261.5747859929688,209.18076380807906,-3.10373,-6.1477,-0.467344,0.00183422,2695.27,776000,1.02395,59504.936859352514,48.17348008509725,0.106752,0.00733119,3980.6,0.989107,3420.72,0.71759,971.307916601,786.1934204101562,-63.354
1222.61,-17.2235,0.711161,0.465718,0,971.445358938,194,0.280543,5.43162,1202.1,72.3867,2544.35,-22.4219,81.38057708740234,4.2576509159989655,7418.44,970.846959887,11.1811,3877.4,1252706,-2579.79,263.0712938653305,210.58896257495508,-2.30215,-6.21396,-0.473655,0.00184829,2595.85,780000,2.52773,59767.42645594943,48.224680374376476,0.118556,0.0139233,3889.78,0.992141,3500.81,0.328576,973.946071353,813.8057861328125,-24.8916
1162.59,-19.2204,0.266771,0.454742,0,976.082228063,195,0.276887,8.59704,1142.24,98.3939,2455.08,-33.8283,82.7137680053711,4.177612207364291,6067.36,974.909856241,11.1775,3822.55,1257706,-2499.19,260.9026524722576,209.1280813338235,-2.80368,-5.5374,-0.465667,0.00206827,2505.01,784000,0.889382,60029.51420924859,47.59695893106982,0.107395,0.00830498,3829.98,0.975802,2519.35,0.0846182,973.557930549,827.1376342773438,-20.1394
1126.41,-16.5974,-0.226572,0.625927,0,976.14514169,196,0.26777,5.59497,1110.67,80.7101,2375.88,-5.14293,81.69317626953125,4.289118355605751,6050.81,960.704404729,10.4954,3616.52,1262706,-2428.63,263.9748587566428,210.9025534861721,-2.21727,-7.60756,-0.460617,0.00213884,2414.56,788000,0.557336,60293.042981175706,48.78318691486493,0.110321,0.00860599,3632.51,0.948544,2559.14,0.36481,986.063177288,816.9317626953125,-21.5783
1063.64,-17.257,-0.806442,0.304892,0,978.673544295,197,0.259898,8.27624,1049.31,69.6639,2336.57,-9.21937,74.69776153564453,4.2420189790427685,5568.71,961.234140417,10.0941,3368.04,1267706,-2382.56,263.7252313592471,211.14494836796075,-2.42426,-6.99954,-0.438505,0.00204067,2383.35,792000,0.896181,60557.820226700045,48.3382640122436,0.101198,0.00882183,3398.21,0.930689,2198.66,1.06651,975.762329662,746.9776000976562,-16.7153
1037.02,-18.3537,-0.750232,0.399519,0,971.497685492,198,0.263899,6.52866,1022.76,66.059,2272.21,-5.47621,81.98377990722656,4.30049306107685,5513.18,978.887194239,10.1967,3330.47,1272706,-2314.42,263.6965441200882,210.00460593402386,-2.24895,-6.38854,-0.434636,0.00310275,2307.62,796000,1.04139,60819.510766101535,49.39144512498751,0.111311,0.0070853,3344.44,0.928394,2248.61,0.222652,974.679716757,819.8377685546875,-24.0881
1021.65,-17.6919,-0.889039,0.511104,0,978.128251087,199,0.270248,6.28604,996.225,73.8423,2292.5,10.8214,85.78683471679688,4.237958976533264,4571.32,978.967283905,10.2422,3458.45,1277706,-2333.72,260.5964871211909,208.9721707268618,-2.68362,-6.95358,-0.440946,0.00206836,2329.73,800000,3.62341,61082.14694607118,47.38635741779581,0.132205,0.000404078,3408.12,0.917797,1834.98,0.352791,953.037267027,857.8683471679688,-3.00315
1001.78,-17.282,-0.783123,0.417581,0,973.838111042,200,0.261503,5.39344,984.158,67.3225,2192.94,-91.7949,75.67574310302734,4.261912317946553,4875.5,972.079589453,9.84208,3201.62,1282706,-2224.71,263.4008831153624,209.6420012381859,-2.27205,-5.69029,-0.431788,0.00295039,2224.1,804000,0.91029,61344.26809612848,49.49696955922991,0.126353,0.00819046,3198.38,0.926818,1855.32,0.0568797,990.051334544,756.7573852539062,-68.2337
960.95,-15.5368,-1.21834,0.479963,0,972.123863342,201,0.257223,5.58824,943.142,75.561,2241.96,-34.5568,81.16558837890625,4.181460856460035,5461.08,968.268478508,9.98137,3164.06,1287706,-2273.43,261.3360280082561,209.0058713518083,-2.47796,-6.78562,-0.437571,0.00242288,2265.99,808000,1.68744,61605.64745506924,48.14869579998776,0.113942,0.0106426,3167.47,0.90535,2255.24,0.319569,966.392416482,811.6558837890625,-29.4663
985.935,-16.6027,-1.21537,0.593309,0,979.206474413,202,0.26211,6.9518,970.275,82.4481,2112.88,-48.5235,74.70857238769531,4.298232332337648,4731.86,968.506955853,10.175,3086.85,1292706,-2146.18,262.67575253592804,210.1844888026826,-2.95651,-5.92009,-0.439824,0.00220017,2143.59,812000,0.997657,61868.31035497086,48.193031400907785,0.126924,0.00920756,3083.82,0.903428,1795.65,0.115731,970.270137147,747.085693359375,-66.5726
973.747,-17.0348,-0.937039,1.29499,0,975.300384905,203,0.250193,5.1813,964.21,64.493,2091.92,-20.7072,80.24755859375,4.285722047556192,4540.49,977.162667585,9.8453,3135.0,1297706,-2132.95,263.25312884757295,210.63482826994732,-2.4902,-5.68162,-0.429631,0.00253929,2131.31,816000,0.92431,62130.49774194183,48.33257853006944,0.121237,0.00799841,3144.82,0.922298,1645.0,0.118094,976.641156918,802.4755859375,-32.951
979.896,-16.3692,-1.25432,0.492052,0,970.780664959,204,0.265361,5.66997,962.498,66.0784,2097.42,-12.0928,78.60051727294922,4.288849665317684,4460.98,975.767939659,10.0064,3157.56,1302706,-2134.09,261.0754519146867,209.5614490150474,-2.80452,-5.958,-0.4314,0.00298285,2142.66,820000,1.80629,62394.056166117545,47.225153234321624,0.12977,0.0111285,3167.23,0.902927,1665.73,0.128476,975.449022243,786.005126953125,-44.5846
971.66,-16.1761,-1.45836,0.462063,0,976.809006109,205,0.263379,5.68067,956.869,64.0789,2076.69,-26.3572,75.75930786132812,4.431534277740866,4314.54,981.066151903,9.63963,3252.9,1307706,-2117.51,267.0775494338013,212.89371457882226,-2.32871,-4.92961,-0.422775,0.00174563,2118.72,824000,1.14565,62660.194734771736,49.7523005772382,0.136465,0.00937181,3402.51,0.889671,1663.94,0.569249,977.215963002,757.5930786132812,13.4136
938.7,-20.6297,-1.80846,0.592181,0,974.719895624,206,0.259753,5.61004,921.743,78.3873,2196.57,8.97607,77.57246398925781,4.797050851862878,3949.67,982.196737501,9.68187,3628.6,1312706,-2235.9,767.7855098820291,714.189516690094,-3.08053,-6.09667,-0.431637,0.0021167,2237.44,828000,0.968165,63429.30236630328,48.798942340072244,0.127981,0.0069833,3668.59,0.873778,1470.38,0.105123,980.377778182,775.724609375,-74.4959
947.849,-17.9044,-1.36171,0.416801,0,968.073317696,207,0.258632,6.45845,922.169,65.6062,2144.94,-11.89,76.92755126953125,4.666249537840486,4136.84,972.957138323,10.2835,3069.23,1317706,-2187.0,973.5855551986024,918.9382625026628,-2.48376,-7.21733,-0.440143,0.00174138,2178.46,832000,1.45981,64405.18934235955,49.981043158099055,0.131256,0.00617292,3060.63,0.897562,1924.48,0.252031,947.523501414,769.2755126953125,-32.482
