Number of train steps total,Number of env steps total,Train Time (s),Q1 Predictions Std,Total Train Time (s),Log Pis Mean,AverageTrainReturn_all_train_tasks,Q2 Predictions Mean,Z variance eval,Policy mu Std,Policy mu Mean,KL Loss,Q1 Predictions Min,Policy mu Min,Q2 Loss,Z mean eval,Policy log std Max,Policy log std Mean,Q1 Predictions Mean,Number of rollouts total,Policy mu Max,Q1 Loss,Q1 Predictions Max,AverageReturn_all_train_tasks,Epoch Time (s),Q2 Predictions Max,Epoch,Q2 Predictions Min,Log Pis Max,Policy log std Std,AverageReturn_all_test_tasks,Sample Time (s),Z mean train,(Previous) Eval Time (s),Log Pis Std,Policy log std Min,Z variance train,Q2 Predictions Std,Log Pis Min,Policy Loss,KL Divergence
4000,305000,273.25582742132246,0.7916282,823.3478262126446,2.2201247,-622.2428611620247,0.64875585,0.10472186,0.9177795,-0.2388427,122.88298,-2.938253,-5.3878317,420.5997,1.3738451,2.0,0.17414272,-0.13952753,0,4.4178944,391.0349,2.6734252,-598.4563497507799,733.6271302672103,5.2628474,0,-1.2891483,50.858727,0.71836245,-553.410986421541,460.37130284588784,0.00553109,0,7.0270586,-2.9903245,0.0027050937,0.8241908,-11.149742,0.7154659,122.88298
8000,310000,257.56138079147786,94.02165,1179.096828199923,-1.903051,-565.02684656145,-305.11215,0.06219665,0.49507365,-0.0010422692,79.27519,-692.519,-1.8513844,74.60459,1.0362656,-0.024277896,-0.7861639,-305.0786,0,1.8880767,70.43827,-90.38504,-592.6900946805233,354.91334055922925,-86.60689,1,-691.21436,4.1243973,0.22370334,-546.5026553540396,7.628509105183184,1.0721729,89.72345066256821,1.9362376,-1.5419426,0.09384846,94.14071,-11.121715,303.37698,79.27519
12000,315000,289.80870963446796,242.7554,1566.4793082624674,-0.7671879,-642.194297980023,-476.13965,0.056874156,0.726227,-0.048937403,118.77843,-1657.1388,-3.7589552,319.9997,0.85721445,0.001387924,-0.7011475,-476.3524,0,3.1577575,326.14377,-85.05824,-631.2616141550152,387.9921962786466,-86.900055,2,-1662.4869,16.84567,0.22331403,-562.5060713139744,7.624966198578477,0.6429144,90.55852044560015,2.7056293,-1.4679315,0.009714617,242.34381,-10.841246,474.65964,118.77843
16000,320000,286.00461371801794,369.4815,1952.1474757259712,0.44353786,-610.1104299365422,-770.42474,0.049203385,0.8931034,-0.12044933,120.993805,-2284.1018,-3.5965705,858.43115,1.280021,0.0023968518,-0.6770336,-767.4889,0,3.684042,812.7011,-127.685936,-612.6317547550328,383.61046533472836,-138.38304,3,-2279.5566,21.076466,0.19559479,-639.3103373810555,7.656717744655907,0.86844635,89.94913387205452,3.2401764,-1.4689049,0.020592595,368.31378,-11.233158,766.60706,120.993805
20000,325000,262.3607858316973,574.15076,2313.5782312285155,1.7696459,-594.6427534273932,-1043.623,0.047032062,1.0130469,0.012980802,171.35387,-3163.7,-4.3170013,1457.245,0.87134707,0.152901,-0.7310174,-1041.7065,0,3.6193404,1405.638,-150.40161,-567.2899774454511,362.16743108909577,-153.15974,4,-3166.1108,26.932457,0.26601106,-611.6485947091809,7.799824604764581,0.92189676,92.0068206526339,3.754596,-1.7939055,0.011242227,574.86163,-10.303198,1039.8002,171.35387
24000,330000,270.5555723523721,564.6051,2682.6831736732274,2.538862,-564.2500307059331,-1118.575,0.031773336,1.047068,-0.07368449,155.7541,-3247.0137,-3.9624763,2028.4039,0.9092611,0.14891219,-0.80757505,-1113.0504,0,3.8578079,1962.5889,-180.98206,-568.420274096516,369.6794475922361,-177.24081,5,-3272.9077,18.48833,0.26622164,-591.1782906546067,7.853683131746948,1.8821647,91.27019210811704,3.6539192,-1.9156384,0.019890882,564.7212,-13.709101,1111.4475,155.7541
28000,335000,300.352343948558,566.5908,3083.3863190198317,4.3434615,-653.2354037166663,-966.57263,0.023917858,1.1432397,-0.044882677,168.2179,-4262.3945,-5.4809804,2331.1548,0.662141,-0.027593672,-0.934481,-970.72217,0,4.2505865,2237.3396,-48.887478,-651.6720847141802,399.18531503900886,-36.103416,6,-4300.4126,27.741972,0.28974718,-583.0989613996333,8.137018268927932,1.225404,90.69595282152295,4.193118,-2.1376119,0.027485514,566.6708,-7.702634,961.66034,168.2179
32000,340000,263.45529177971184,685.33875,3445.4044099925086,5.032708,-621.0376611318557,-1202.4414,0.02535687,1.2625293,0.07802959,142.49075,-3579.0122,-4.9378514,2630.5215,0.9470026,-0.06870675,-0.87516415,-1200.8477,0,5.0601835,2591.489,-163.19196,-642.7292732189345,363.5455996077508,-187.61137,7,-3578.554,28.737516,0.26537108,-621.3662837795002,7.8765946896746755,0.996342,92.21371313836426,4.59219,-1.9385982,0.019922433,685.0005,-8.000379,1194.3969,142.49075
36000,345000,237.58735898137093,788.76685,3783.2344614807516,5.424642,-558.3403510367109,-1267.4861,0.019286275,1.2757809,-0.10024232,157.2483,-4696.182,-4.956717,3488.2488,1.1702039,0.15011978,-0.8801796,-1270.1597,0,4.9482665,3270.7542,-161.01797,-597.1244737987273,336.11733304616064,-163.34798,8,-4705.8877,24.912483,0.2791179,-562.7397736012437,7.843444482423365,1.4631784,90.68652958236635,4.7980146,-1.8561614,0.045479707,788.58575,-9.510609,1261.9928,157.2483
40000,350000,296.9817637177184,780.40845,4180.71559341345,5.555322,-621.0058846874775,-1481.937,0.018225417,1.3078858,0.15707043,165.75264,-4888.4077,-4.906199,4299.8203,1.108423,-0.027707338,-0.86955917,-1485.2155,0,5.0342784,4023.619,-196.17897,-611.5058045210125,397.19349827896804,-203.5628,9,-4888.14,34.117516,0.27052715,-611.2557028412781,7.813208945095539,1.502521,92.39852561615407,4.795412,-1.954658,0.0470576,779.6166,-8.853527,1476.6191,165.75264
44000,355000,275.7908684425056,766.47095,4556.50252935756,5.6482916,-546.1351848390306,-1273.9877,0.015558663,1.2761322,0.051131528,152.38647,-5237.11,-5.8131647,3625.1523,1.433877,0.3436888,-0.93832415,-1275.5756,0,5.1307807,3474.927,-54.218067,-586.0505453539309,376.3108693482354,-40.643826,10,-5189.835,26.002483,0.27142328,-623.4206641526544,7.833723113872111,1.1280974,92.68627779185772,4.5529313,-1.9588317,0.016325358,765.8493,-12.590268,1268.0507,152.38647
48000,360000,266.73613821249455,887.8747,4923.448009776883,6.6676726,-528.3313666406212,-1372.1635,0.019150164,1.3720802,-0.11640187,174.81339,-4799.5947,-5.6581597,3574.5474,0.94689906,0.113134325,-0.9312749,-1362.3005,0,4.616004,3325.2134,5.5755,-573.1407939263786,366.80196753982455,-8.208075,11,-4812.814,25.843418,0.278734,-581.9541654340132,7.903481964021921,1.722224,92.16234736330807,4.728842,-1.9072158,0.011295586,889.8232,-7.6799645,1362.8486,174.81339
52000,365000,270.56202067807317,826.2307,5291.9474722296,7.264192,-568.43157904573,-1590.7885,0.010638558,1.4728695,0.06844596,205.35873,-5267.5244,-5.3774686,4366.5,1.3220141,0.16920155,-0.8638576,-1584.2397,0,5.579148,4127.4,-189.0657,-620.8463367821554,370.5306286420673,-189.01878,12,-5235.8394,28.947998,0.26915133,-583.5562625798793,7.662298423238099,2.2827933,92.30630954075605,4.9895773,-1.8539457,0.01834523,826.88666,-10.487063,1581.1409,205.35873
56000,370000,237.40218711085618,819.53796,5627.134400627576,5.986535,-533.1178616843142,-1202.7913,0.009399928,1.3214803,-0.19817455,189.72853,-4382.482,-5.301698,3674.6445,2.0437386,0.0722934,-0.9180151,-1195.6672,0,5.048372,3373.5662,-115.848366,-527.1497714800284,335.3473910409957,-124.761185,13,-4381.0,31.87285,0.26279992,-569.2619279039952,7.670110593549907,1.8099186,90.27509333658963,4.600076,-1.8764968,0.016887102,818.885,-8.414461,1193.9471,189.72853
60000,375000,246.2726077316329,841.2631,5971.287666526623,6.970423,-563.118360037686,-1604.1077,0.011712971,1.4493518,-0.17068028,177.57825,-5941.9585,-5.5863366,4504.177,1.330013,0.09435761,-0.85741127,-1596.7432,0,5.721003,4320.151,-207.3872,-556.7588833018435,344.0180407864973,-225.01427,14,-5985.348,26.376358,0.25290257,-582.636536206742,7.63056128192693,1.6691291,90.11487177293748,5.0713162,-1.7736714,0.014194871,842.5678,-8.069286,1595.9044,177.57825
64000,380000,262.0748975472525,990.1601,6333.434973277152,6.7801695,-528.7258257771301,-1605.7483,0.0053282985,1.431736,0.053052615,202.81491,-5896.1587,-4.8800344,5184.9565,0.91874874,0.1940068,-0.8603136,-1601.2505,0,5.1521516,4922.8604,-125.703255,-581.7206858620161,359.96123846806586,-96.042534,15,-5938.256,34.940144,0.2623606,-596.0617338801031,7.636115675792098,1.5453703,90.25022524502128,4.8990536,-1.8270762,0.008219214,991.16455,-7.538644,1598.3594,202.81491
68000,385000,239.48626175150275,810.6762,6671.8604996893555,7.286888,-580.8402938495271,-1538.1892,0.010767313,1.4806293,-0.048891995,159.22185,-5968.3594,-5.182475,4872.269,1.122834,0.04614699,-0.86909044,-1565.6437,0,6.2399573,3903.3157,-236.71126,-572.3793103118179,340.3511199429631,-213.21786,16,-5891.506,27.728027,0.23443389,-595.5142862927203,8.428320649079978,1.121806,92.43653754238039,4.7629743,-1.9339283,0.009807218,812.6407,-6.7069874,1552.7192,159.22185
72000,390000,271.45610964111984,906.3786,7041.073089629412,7.347206,-555.7065439999599,-1673.0052,0.0059395414,1.5015912,-0.05002427,178.90399,-6108.266,-7.554974,4331.359,1.3203627,0.33466446,-0.8369939,-1667.991,0,7.0699863,4083.0837,-201.97595,-589.9297502865377,369.62696925364435,-195.1045,17,-6194.643,36.410786,0.24827482,-590.2769746261688,7.659751019440591,1.2984756,90.51110859308392,5.2489686,-1.7441189,0.025298249,906.91693,-7.1230564,1666.8789,178.90399
76000,395000,266.44122982304543,813.3437,7407.49534767773,7.2835517,-578.8812582733677,-1426.9623,0.009950535,1.4970258,-0.05984056,177.06387,-5955.935,-5.9787865,3924.328,0.5506407,0.00552547,-0.8590379,-1425.8374,0,5.833866,3751.5876,-155.27,-607.8191571906433,364.1703790752217,-182.50177,18,-5924.656,29.685387,0.23876347,-584.2223503171127,7.632048005238175,1.4467131,90.09710124693811,5.326194,-1.9493986,0.029079337,814.15967,-8.308781,1421.9844,177.06387
80000,400000,255.32319921720773,902.47974,7761.305115956813,7.3270864,-501.2750666019327,-1760.6985,0.012424128,1.5140401,-0.11221006,169.78923,-6618.6167,-6.0931253,4008.533,1.5926136,0.18102765,-0.83313715,-1751.5638,0,6.2041497,3729.4211,-353.64886,-524.9265946656994,355.49499167408794,-369.85123,19,-6646.087,31.596703,0.23639642,-567.6142799727488,7.822728998027742,1.2861751,92.34906345885247,5.1539226,-1.8512943,0.008107769,901.5256,-5.8524194,1753.2383,169.78923
84000,405000,236.64449622295797,906.6998,8096.637889859267,7.3137827,-573.644287155226,-1879.7932,0.007523355,1.5070448,0.03464859,182.68387,-7234.404,-7.4477763,3867.7532,1.2448496,0.8536178,-0.81422436,-1873.615,0,8.717627,3738.4578,-183.64598,-603.3654912656788,334.9475597003475,-193.10764,20,-7227.882,34.510292,0.23124114,-563.2149685495061,7.6390625620260835,1.8849537,90.66400091536343,5.206406,-1.6996732,0.006102362,906.4467,-7.4886427,1874.7157,182.68387
88000,410000,245.2379000177607,980.84576,8441.700701723807,7.9386644,-547.0338495611743,-1586.2288,0.007904267,1.5618014,-0.0074993344,194.15012,-6451.97,-5.6876807,3871.4783,1.2715095,0.13740766,-0.82103187,-1586.6653,0,5.985158,3684.071,-231.51756,-558.8638318091934,344.0281125223264,-208.99887,21,-6450.5522,29.103626,0.23800278,-574.1878441583499,7.740873706527054,1.7248242,91.04933879803866,5.6096516,-1.7973166,0.004383569,981.9924,-7.8658276,1581.8627,194.15012
92000,415000,241.50983149651438,894.8568,8781.931399830617,6.9823394,-571.1951643789154,-1512.0106,0.0035416316,1.4749432,-0.19566366,171.15533,-6906.124,-6.290198,3650.0408,1.9558926,0.17716646,-0.818923,-1519.323,0,7.1683574,3506.6743,-172.50403,-555.1840720442464,341.3725768420845,-142.65091,22,-6836.0264,34.014004,0.22205244,-596.1076370659914,7.778563067317009,1.2996004,92.08418227825314,5.384372,-1.9284536,0.0074837,892.712,-7.811474,1513.6556,171.15533
96000,420000,260.71081510558724,826.2736,9140.28735902533,8.324679,-496.4782762161858,-1832.1334,0.009369245,1.6055421,-0.2101337,186.22122,-5049.256,-6.292336,4251.937,0.73271716,0.14953649,-0.7931594,-1822.1155,0,6.412024,3920.9734,-380.96835,-563.2956740126591,359.3123167557642,-337.83273,23,-5089.531,37.398643,0.22912057,-565.4041809432803,7.6590633895248175,1.6925806,90.94243826065212,5.7830305,-1.9324186,0.018317798,825.4527,-6.3467226,1825.0651,186.22122
100000,425000,268.50956629030406,859.79205,9508.421937098727,7.4719224,-505.79244041161377,-1558.9121,0.006982363,1.566773,-0.06088854,179.96667,-6986.4116,-6.5819716,3831.9028,1.4285338,0.59268665,-0.7849798,-1555.0479,0,7.712502,3610.75,373.92825,-535.3764814892722,366.1322151366621,386.53506,24,-6919.742,40.559227,0.2347844,-604.4946126241606,7.636149267666042,1.4951468,89.98649957869202,5.6583004,-1.8243532,0.026243482,856.9021,-6.940468,1554.6487,179.96667
104000,430000,292.6178902722895,884.2748,9899.201608418487,7.8945513,-537.8316612894522,-1649.6667,0.013497479,1.5822645,-0.17774996,208.56894,-5636.1426,-6.617389,4506.47,1.030479,0.30058122,-0.7834396,-1651.2926,0,7.738866,4360.1733,-17.109524,-591.3522328802578,392.40893078409135,-9.412567,25,-5665.705,34.50885,0.19950214,-574.7642191302615,7.8019286915659904,1.711306,91.98911182023585,5.4173636,-1.9190817,0.005988797,884.77124,-10.571564,1645.952,208.56894
108000,435000,244.6033853897825,958.68256,10242.19551995024,7.2913713,-515.0305302765812,-1643.487,0.003931856,1.5106997,-0.009687114,180.55774,-7231.9243,-5.477426,3963.6423,1.5661551,0.083530426,-0.80761516,-1634.6263,0,7.802482,3654.692,-186.12825,-582.6846992870067,342.5845857653767,-198.921,26,-7214.744,47.224438,0.23075101,-578.3725071196128,7.621016514487565,1.6816002,90.36018386110663,5.417769,-1.724276,0.01665311,959.24963,-6.8226724,1637.5321,180.55774
112000,440000,230.65200031828135,873.9799,10570.389634949155,7.4189405,-525.121732770148,-1873.4646,0.009344238,1.5458333,-0.08716594,176.68031,-5775.3345,-6.4081645,3198.306,1.1882153,0.3816173,-0.7866727,-1870.5261,0,6.936232,3049.3757,-423.19528,-526.8945768073461,329.0530266351998,-443.06085,27,-5737.567,40.041622,0.20766908,-612.8963306528507,7.631450111977756,1.4295067,90.76957620494068,5.881664,-1.7451082,0.0037828237,871.7234,-7.330818,1869.8672,176.68031
116000,445000,223.210882733576,812.84247,10890.853236986324,6.8537903,-557.1946919087308,-1598.8245,0.012714761,1.5272051,-0.015404189,185.1453,-7203.25,-6.5293097,3794.7446,1.0065237,0.10868943,-0.7605469,-1612.0326,0,5.9138055,3328.3372,-397.24338,-611.9958787073515,320.73893956746906,-359.67236,28,-7193.0527,33.377117,0.20421532,-638.7938982978686,7.6172556430101395,1.1078153,89.91080119088292,5.329739,-1.935538,0.006159944,810.40436,-6.533977,1605.4104,185.1453
120000,450000,223.5943973818794,757.2205,11212.223134896718,7.2185187,-525.1354680960251,-1448.4268,0.0046892557,1.5004419,-0.12824297,172.6976,-6725.339,-6.069581,3272.5476,0.9281036,0.3490709,-0.7898818,-1458.9888,0,6.7899075,3060.284,-452.96588,-614.9905271972078,320.8016652278602,-442.311,29,-6721.875,35.14954,0.1981465,-564.8323046323529,7.571575155481696,0.78971153,89.63569269049913,5.134333,-1.9162269,0.00408688,757.8361,-6.8108544,1453.7142,172.6976
124000,455000,221.7347590411082,1022.2815,11532.1485026367,8.885556,-511.50888925804594,-1891.6716,0.004459871,1.6709906,-0.052741848,207.67035,-6613.4956,-6.342261,4169.9424,1.3367454,0.09594321,-0.784253,-1886.2468,0,7.7774377,3959.61,-238.95676,-566.3592282056671,319.5832962859422,-257.1763,30,-6605.9336,45.62758,0.21852334,-543.3171043199284,7.644425760023296,1.5238496,90.20411148481071,5.580091,-1.7356141,0.019703988,1022.1338,-7.1120663,1885.9651,207.67035
128000,460000,220.73292679525912,992.6882,11850.21235643886,7.6771574,-511.4623814973265,-1757.573,0.005094925,1.5474682,-0.097599246,178.77072,-7234.26,-8.282863,4125.2354,1.5232388,0.36697388,-0.7982579,-1752.9225,0,6.448905,3899.9958,-190.10843,-549.049009443998,318.91135556809604,-168.02809,31,-7220.2554,35.017982,0.22128858,-611.3412093825352,7.631903055123985,1.2970847,90.54652571771294,5.6910377,-1.7735356,0.011522529,989.9345,-6.263713,1753.6259,178.77072
132000,465000,230.84074314124882,928.57733,12178.580652480945,8.1881275,-519.4081368798182,-1777.3685,0.0077051297,1.6193748,0.091709435,198.29642,-5996.161,-7.24434,3839.7173,1.4779905,0.27619517,-0.7603148,-1787.3844,0,7.4458084,3554.0566,-287.485,-528.9207880804147,328.13524642866105,-256.58893,32,-5946.308,36.813515,0.21710576,-584.3120505732785,7.595263999886811,1.5061926,89.69923928752542,5.6235614,-1.8853874,0.0070885466,926.9303,-9.223516,1779.0696,198.29642
136000,470000,228.9169791555032,770.56354,12505.475546467118,7.092964,-520.2952514306011,-1702.7312,0.0046054716,1.5154276,-0.069905214,182.37292,-4750.613,-6.5416746,3384.8145,0.82972276,0.063794255,-0.7752048,-1698.0293,0,5.360388,3220.522,-332.11224,-585.044138434781,326.48760866280645,-324.6169,33,-4781.9927,28.158642,0.20777045,-548.3116261421504,7.6379539128392935,1.2287146,89.93267559446394,5.4327617,-1.8878168,0.016099332,772.3347,-8.4464245,1697.969,182.37292
140000,475000,225.44981269724667,993.17126,12828.53971258644,9.008614,-502.1711860801861,-1933.8959,0.012945613,1.7063097,-0.15200165,185.20776,-6533.8154,-8.354122,3809.727,1.1102744,0.2585082,-0.7490074,-1933.3799,0,6.3635793,3665.4875,-292.20956,-531.1821409993069,323.4314207518473,-233.92358,34,-6561.9756,43.27143,0.23096775,-591.8045319911164,7.641213893890381,1.9298964,90.34039416071028,5.8474193,-1.8932984,0.02481097,994.12787,-6.320114,1931.2972,185.20776
144000,480000,222.16955039743334,916.3897,13148.815180583857,8.806669,-528.7480682901224,-1664.8994,0.0024615894,1.6733036,-0.15156446,173.59802,-6355.018,-5.9822993,3237.5015,1.1813699,0.25474572,-0.74301606,-1650.2184,0,7.0847344,2933.171,-265.74014,-647.592338806447,319.7566377809271,-285.42307,35,-6409.752,33.747066,0.21249054,-550.5265374832745,7.613984803669155,1.2499202,89.97310257982463,5.4567347,-1.76721,0.0067356527,916.9213,-4.878684,1656.4481,173.59802
148000,485000,224.75522619485855,956.71893,13471.784007475711,7.4285917,-515.3687572234874,-1763.766,0.0047285827,1.5570105,-0.089591525,190.0521,-5989.467,-6.312243,3278.1384,2.2245166,0.14867711,-0.75759214,-1768.3688,0,7.4999595,3054.5066,-343.36032,-610.456787316316,322.86820731591433,-319.6,36,-6074.8066,31.702936,0.2187885,-578.6687444740921,7.620644527487457,1.3775183,90.49233659356833,5.2114754,-1.920778,0.004017001,957.421,-8.79148,1763.5172,190.0521
152000,490000,239.85015925951302,728.53656,13809.175838871859,8.59539,-498.0837074850516,-1477.929,0.005847754,1.6176537,-0.054359317,177.07744,-4950.605,-6.2101135,2999.5457,0.6818944,0.45791388,-0.78973186,-1470.2831,0,5.7307134,2901.8875,-164.05647,-548.5886236554531,338.06873454432935,-160.83209,37,-4995.866,31.6338,0.22136606,-570.9165063027189,7.625408631749451,0.87091047,90.59316665306687,5.2522902,-1.9187639,0.004799031,729.56506,-6.2284307,1471.746,177.07744
156000,495000,221.24266769271344,856.9522,14128.914525549859,7.979759,-498.8387497479759,-1653.1461,0.0061384765,1.5720507,-0.20577674,169.92836,-6441.505,-6.4753437,3343.2368,1.5166185,0.6416236,-0.78507215,-1651.3809,0,6.0752892,3210.491,-178.71199,-594.0153713760373,318.78546416945755,-175.73486,38,-6443.459,38.69067,0.22159502,-594.6132662485857,7.626236437819898,1.6303387,89.91656003892422,5.4595523,-1.9136449,0.007058792,856.9011,-6.2246437,1648.3798,169.92836
160000,500000,226.85756323486567,850.84814,14453.217104071751,8.342802,-548.8539319959254,-1862.7747,0.004529028,1.6082771,-0.26942816,187.95491,-7184.388,-7.5746627,3522.7012,0.7879666,0.079980135,-0.7526765,-1859.7281,0,7.140287,3319.2595,-339.0497,-622.9663834523757,325.36913895234466,-345.78793,39,-7198.1104,34.43387,0.21578021,-610.7138489743239,7.641567793674767,2.0905812,90.87000792380422,5.660456,-1.8016226,0.007948879,849.9193,-9.579573,1857.9332,187.95491
164000,505000,246.23732857126743,769.35815,14797.072524566203,8.468686,-553.973697151189,-1750.6943,0.006326015,1.6479406,-0.10009615,161.78711,-4962.666,-6.8584647,3752.9353,0.9062446,0.23035741,-0.761076,-1761.5969,0,6.0068636,3401.0388,-186.83469,-604.5797206019339,343.6660550488159,-183.75931,40,-4993.1875,41.629837,0.21440247,-622.3917381906565,7.624924071133137,0.976076,89.80380240641534,5.3502417,-1.8005853,0.0060805557,767.9588,-9.54838,1753.8701,161.78711
168000,510000,235.55299608781934,880.96893,15129.97615933232,8.030286,-562.7894627855233,-1800.7106,0.0031723268,1.6122746,-0.10993548,180.7264,-5836.6396,-6.907932,3258.5305,1.2899716,0.18426824,-0.74215585,-1797.4866,0,6.735308,3153.2954,-305.01056,-561.2974854387064,333.1467367298901,-301.9532,41,-5782.392,34.202744,0.21447831,-568.023438747027,7.600257177837193,0.991838,89.99348346423358,5.5425,-1.843688,0.0086056385,880.8405,-8.062574,1795.6273,180.7264
172000,515000,226.15471926890314,861.08234,15454.60847900156,8.084562,-544.6616761631061,-1556.241,0.003450593,1.5970325,0.21517095,203.85976,-6250.8813,-7.336377,2718.951,0.86741877,0.1855774,-0.77057046,-1556.3951,0,8.694626,2565.4832,-311.16833,-639.1673640634776,323.5379430819303,-300.9176,42,-6307.9863,35.125862,0.22366402,-587.0179384053972,7.632371950894594,2.234149,89.75085186213255,5.462697,-1.8865685,0.0060423887,864.2697,-10.671914,1554.1781,203.85976
176000,520000,247.1655062381178,864.9785,15799.386289515533,8.940882,-517.9755274215687,-1687.1426,0.011154706,1.6792551,0.072351575,167.11285,-6798.4585,-7.0370297,3761.5056,0.9865385,0.26791394,-0.7555851,-1691.1908,0,6.2989364,3545.284,-448.012,-610.8945591884026,345.62995077855885,-401.21832,43,-6815.181,33.127716,0.2146345,-548.6801044669951,7.619166477583349,1.1878649,90.84527806285769,5.565319,-1.7864836,0.017235423,864.6601,-11.337509,1686.625,167.11285
180000,525000,222.86458411067724,840.3499,16119.658291863278,8.234354,-516.3767697942102,-1576.994,0.002381506,1.6268903,-0.22563143,167.08157,-5526.71,-7.180307,3035.3103,0.8902876,0.11743605,-0.7202902,-1573.9099,0,5.6261625,2987.9514,-133.24802,-584.8926999680791,320.49894926231354,-123.908325,44,-5548.2476,37.61706,0.21132171,-567.4754932132279,7.640950426459312,1.1759962,89.99341472517699,5.127385,-1.7300217,0.011164429,840.2127,-7.664774,1572.7174,167.08157
184000,530000,227.7749510863796,734.38196,16445.49499669671,7.6882505,-476.95526549464455,-1646.5383,0.005272038,1.5862479,0.07012157,187.42705,-6691.489,-6.350632,3274.4548,0.82914245,0.3720392,-0.7532035,-1639.9293,0,6.339095,3020.8157,-387.72256,-563.4614538928467,325.14758047647774,-412.95334,45,-6670.0723,42.04139,0.20380116,-548.0540857802636,7.60588086489588,0.8148624,89.76674852520227,5.513231,-1.9784783,0.005061616,733.4284,-7.6082296,1642.1768,187.42705
188000,535000,243.40166843961924,841.26355,16786.06325533893,7.628001,-479.51424834396727,-1566.294,0.011032197,1.5453678,-0.25330624,168.5399,-6208.05,-6.343323,3033.242,0.9684342,0.42484605,-0.767732,-1566.3718,0,6.428565,2975.0837,-454.05215,-483.09089554182157,341.48124110512435,-447.41068,46,-6291.5415,34.89733,0.23151958,-554.632849755256,7.623395754024386,1.2881094,90.45617691148072,5.268491,-1.9678081,0.003564293,841.355,-5.763407,1563.4641,168.5399
192000,540000,221.97144569829106,863.2276,17105.243028335273,8.189467,-508.8659487457016,-1858.984,0.0022300405,1.6479306,-0.05429237,180.42108,-6029.6123,-6.78724,3291.6333,1.0077486,0.074905634,-0.73601925,-1847.3027,0,7.3664603,2957.6465,-360.63852,-578.4933233167525,319.09608977101743,-351.5143,47,-6091.997,30.16378,0.21321857,-570.0400196200803,7.581017574295402,0.48204088,89.54362649843097,5.4349966,-1.8310924,0.0032664395,863.67163,-8.89277,1851.9677,180.42108
196000,545000,224.1406941972673,824.6924,17426.641877426766,7.777153,-421.64738993233067,-1834.0222,0.007164876,1.6042789,-0.11175247,186.79607,-6704.466,-7.8791385,3123.3613,0.73850197,0.22378016,-0.72514737,-1835.3844,0,8.1115055,3015.4382,-536.7552,-482.2926696612673,321.38163784425706,-526.96436,48,-6744.2974,38.43947,0.21856406,-562.7796232904926,7.613300914876163,0.8183652,89.6276427321136,5.7992163,-2.042118,0.005647091,824.5095,-6.9908485,1832.1328,186.79607
200000,550000,236.64085516240448,757.33167,17761.190804190934,7.997667,-494.58563820589796,-1591.3922,0.012628014,1.5830827,-0.19212827,170.6826,-5278.346,-5.8416696,2847.543,0.90644133,0.32856882,-0.7480575,-1592.3444,0,5.3694615,2753.1658,-137.63345,-585.4273487994761,333.88039633911103,-141.81046,49,-5257.7563,41.012444,0.2165173,-562.4371299790522,7.594424827024341,0.7410127,89.64511634968221,5.51296,-1.921742,0.0061977576,758.91675,-7.5467987,1589.2792,170.6826
204000,555000,222.91452067438513,803.8199,18081.37562196143,7.773317,-468.37577236284676,-1629.3208,0.009325256,1.5893141,-0.21231084,181.26695,-6987.8604,-6.2525563,3297.5798,0.62009704,0.2511195,-0.72119987,-1621.508,0,7.621827,3059.9766,-217.40517,-533.1282411195135,320.84787867590785,-239.46155,50,-7028.824,45.769836,0.21120681,-588.0657087125779,7.619304399006069,2.083791,90.31405360251665,5.953315,-1.7668791,0.002813295,801.3992,-8.792044,1624.4409,181.26695
208000,560000,224.25618403218687,1036.6165,18402.890701301396,8.883994,-520.342904806777,-1911.5793,0.0028344367,1.6957481,-0.06433149,183.20247,-7757.3813,-6.7800045,3250.8162,1.0515089,0.30544877,-0.71817255,-1906.4186,0,7.122418,3147.6711,-388.06107,-566.2935620079016,321.496014081873,-360.46634,51,-7742.6553,36.26116,0.2195328,-559.6095710984431,7.5884030517190695,0.8626498,89.65142699796706,5.6079936,-1.8040292,0.011536414,1038.3292,-7.2536187,1907.5729,183.20247
212000,565000,230.78336043376476,1076.0809,18731.9308794979,8.405822,-495.4432239789836,-2078.8005,0.009662843,1.6587409,-0.16158307,193.59532,-6475.539,-6.550112,3596.8503,0.88450944,0.23079956,-0.7118838,-2076.6816,0,6.7689466,3608.447,-431.28458,-595.0524733054242,328.05899413116276,-406.2566,52,-6453.492,38.40628,0.19480988,-603.5884011550721,7.604888586327434,1.3375771,89.67074511107057,6.0312514,-1.6419848,0.0030154574,1074.9176,-7.6687355,2075.6414,193.59532
216000,570000,222.30920161958784,844.51,19051.548695735633,8.053675,-497.06849809663896,-1696.3414,0.0030167722,1.6272196,-0.17822924,160.5526,-7388.79,-6.327089,2640.8308,0.93862736,0.5164584,-0.70795035,-1704.968,0,5.9765778,2393.0752,-313.12854,-567.439243227844,320.6162329223007,-297.32996,53,-7250.774,34.454018,0.18455139,-633.1530918102212,7.654823710210621,1.2242978,90.65220759250224,5.504199,-1.7097766,0.01331905,843.3357,-7.9587126,1698.069,160.5526
220000,575000,222.3643685169518,946.78125,19371.91265608743,8.337639,-489.38226099051644,-1892.4226,0.0055979723,1.6674888,-0.107446626,185.63495,-6403.39,-6.740179,3589.5134,0.98918784,0.43122196,-0.7015561,-1910.3652,0,10.175245,3154.2341,-232.26973,-568.6447651919605,319.678697864525,-222.29579,54,-6396.989,40.982098,0.18921818,-613.6923155251532,7.660069587640464,1.9554722,89.65425975993276,5.994081,-1.6632481,0.0057549262,945.9847,-10.837,1901.4775,185.63495
224000,580000,222.70901471562684,949.82825,19692.564636031166,8.191723,-557.6736840568224,-1795.15,0.0032913587,1.6489393,-0.086017534,192.49298,-7023.26,-6.645284,3432.5222,0.8025135,0.39305377,-0.70730925,-1792.2449,0,6.6261935,3188.7715,-390.86298,-677.4997069339933,320.67202272545546,-356.6485,55,-7001.527,39.262367,0.20294845,-565.3467617066184,7.62297697737813,1.5181285,90.3400310324505,5.816977,-1.6941721,0.007880047,949.39276,-6.5062923,1791.8324,192.49298
228000,585000,222.2426275666803,813.34985,20012.03593576234,8.053166,-459.3010597503015,-1720.2904,0.002259745,1.6021675,0.00037576258,192.83945,-6388.5835,-5.832952,2898.9146,0.9239377,0.26959074,-0.7439381,-1723.6976,0,5.9144835,2797.0642,-323.38312,-521.3317637247068,320.19587135035545,-321.61554,56,-6523.081,33.314182,0.20041084,-621.0590864789763,7.633000793866813,2.3498044,90.32024298980832,5.530083,-1.6988152,0.0038555183,813.9922,-6.5003195,1719.5575,192.83945
232000,590000,244.0542922830209,821.76953,20353.99462882988,8.440433,-525.2936944569726,-1755.0453,0.0041616466,1.6290443,0.15522923,179.33089,-5748.9478,-6.0515237,2922.543,0.9350914,0.009631276,-0.7439208,-1758.1973,0,6.1030884,2816.0117,-521.091,-599.3337440337978,341.2415476106107,-506.87274,57,-5721.503,41.24467,0.21511593,-608.8497473751033,7.59124150313437,1.072055,89.59601382445544,5.858344,-1.8669479,0.006066347,820.75507,-9.147509,1754.109,179.33089
236000,595000,230.0419837590307,729.47974,20681.471929966472,7.361964,-431.4833882155493,-1484.2318,0.002267113,1.5514145,-0.19004992,170.80493,-5572.4536,-7.421033,2365.001,1.0741034,0.49220967,-0.727821,-1482.7756,0,5.831176,2182.7397,-214.23723,-496.6475298663402,327.9557507010177,-231.41464,58,-5529.0063,39.767334,0.20177032,-564.2216642865111,7.600114276632667,1.0784239,90.31365266535431,5.447703,-1.7551227,0.008813628,728.95154,-8.386808,1481.5016,170.80493
240000,600000,231.2583865178749,895.6515,21010.110483949073,8.311754,-530.3661727175921,-1706.4805,0.0025751751,1.6430248,-0.14223842,176.8779,-6313.3154,-8.433318,3368.6372,0.9621688,0.04823029,-0.71953595,-1693.5378,0,5.854557,2958.1455,-377.03903,-580.6105888474043,328.7232856573537,-350.62372,59,-6207.254,34.762817,0.20069961,-604.0166585625755,7.629307562485337,1.2225405,89.83559157699347,5.6096315,-1.7858908,0.0061374996,894.15204,-9.147038,1699.6627,176.8779
244000,605000,221.95900916773826,869.1399,21329.605597646907,8.050783,-541.1400631532318,-1717.0273,0.0055432264,1.6257627,0.0052498877,179.72626,-6867.3994,-6.635973,3067.5632,0.767655,0.5317714,-0.7261098,-1719.8721,0,6.5831475,2856.4363,-248.38008,-583.911259622236,319.3424012204632,-231.84857,60,-6938.047,58.689266,0.19790272,-572.2416542643862,7.632096863351762,1.6132424,89.7512951893732,5.7469068,-1.8322188,0.0045920806,869.8163,-8.796661,1716.1067,179.72626
248000,610000,222.43783615157008,886.7877,21650.531591794454,7.4249954,-537.3891490477812,-1829.3727,0.003062201,1.5788553,-0.19473122,171.23532,-7525.455,-8.02908,3775.1453,0.9893379,0.11435342,-0.7019542,-1826.9183,0,7.6067877,3542.9978,-529.9485,-633.8993247522719,319.97941677086055,-537.98926,61,-7524.129,42.407703,0.19009681,-601.1140762457164,7.637413051910698,2.1081953,89.90416756737977,5.7399173,-1.855792,0.0037541701,887.72723,-9.701656,1826.2953,171.23532
252000,615000,224.75353213213384,754.0175,21973.04292163998,7.253825,-539.2194560924702,-1772.7258,0.0042688744,1.5765773,-0.17666568,163.10692,-7023.289,-6.854932,2265.0674,1.0913827,0.38584447,-0.6795046,-1773.2034,0,7.2067175,2231.4353,-250.63591,-635.6681663817053,323.2520293528214,-312.45654,62,-6962.6655,34.47284,0.20076527,-581.5373591604034,7.647310398519039,1.0639118,90.85118682216853,5.094157,-1.9068402,0.0034414928,753.04285,-10.54891,1772.0035,163.10692
256000,620000,234.17834887839854,881.6161,22304.75999683421,8.171771,-565.1804069367568,-1991.3093,0.0055336105,1.6461518,-0.14733437,198.48006,-6643.9995,-6.747227,3938.664,1.0692358,0.56520915,-0.70295894,-2007.1179,0,6.6143475,3327.8513,-597.1642,-624.3530453940142,331.9404727285728,-552.08875,63,-6660.3306,36.648598,0.1876007,-549.9022913655955,7.651201902888715,0.9080037,90.11092194728553,5.953969,-1.7296554,0.004682696,882.31165,-7.022208,1999.429,198.48006
260000,625000,221.98013379890472,768.0731,22624.75954494998,7.58439,-506.14516647571224,-1780.1633,0.0034182412,1.5854391,0.04144083,181.9288,-5283.088,-5.9915915,3219.9824,0.92823774,0.028832793,-0.7260369,-1771.433,0,8.419036,2984.5002,-445.12152,-563.6641632214726,319.4753905115649,-458.7851,64,-5316.643,37.857395,0.22708027,-607.8348379260435,7.607382322661579,2.1288106,89.88787438999861,5.754627,-1.7596965,0.0030361093,766.2629,-6.660528,1773.4551,181.9288
264000,630000,235.10507462825626,799.963,22958.01800107211,7.962752,-460.6825014636057,-1801.8502,0.00890262,1.6269803,-0.05259003,168.61842,-6438.247,-6.459678,2890.6145,0.6238405,0.28353035,-0.6963333,-1798.566,0,6.8043165,2738.3064,-339.293,-528.383096012179,333.16067194007337,-347.2897,65,-6374.6064,39.239613,0.18109733,-622.4685581032348,7.6431935196742415,1.0540047,90.41240379214287,5.5746417,-1.6252601,0.011727683,799.77576,-8.977783,1798.081,168.61842
268000,635000,232.65210457798094,866.22906,23288.112592142075,7.4787683,-485.7264925236392,-1807.0707,0.0013822715,1.5742525,-0.007807481,172.02228,-6896.597,-6.204389,3090.7612,1.2481707,0.23107171,-0.7223366,-1808.7646,0,7.0329957,3056.0723,-413.8681,-538.973254273295,330.77062772680074,-438.5306,66,-6797.0596,40.83544,0.19308978,-609.8947585580532,7.60790291428566,1.549508,90.51062023453414,5.720511,-1.6637752,0.0059882165,865.1063,-7.830243,1806.4688,172.02228
272000,640000,236.97995323035866,810.6858,23622.629822348244,7.75207,-545.5338338198533,-1841.5276,0.0010802655,1.5914105,-0.1274148,168.22638,-6848.991,-7.9383993,3316.526,0.9916021,0.13853192,-0.71642005,-1833.4373,0,5.3670807,3061.1394,-533.1811,-619.25696043565,334.4662073254585,-549.89496,67,-6878.1826,34.05957,0.19535886,-579.9460879735186,7.650978570804,1.7931623,89.83527552429587,5.5019174,-1.7290249,0.004742326,810.474,-6.832594,1837.3544,168.22638
276000,645000,220.55997843388468,816.0402,23941.043594878167,7.5173273,-492.6658366923954,-1772.957,0.0012507964,1.5778214,-0.064355135,183.85625,-6926.416,-5.995466,2576.8887,1.6881326,0.23981357,-0.71465456,-1781.446,0,7.04216,2391.1733,-580.8415,-636.7245555772516,318.0854885345325,-565.10535,68,-6866.8906,48.00835,0.18250214,-596.6133547582905,7.638975123874843,1.3665911,89.88653497677296,5.0826735,-1.7698803,0.0026674368,816.1857,-7.430339,1776.8746,183.85625
280000,650000,221.65550632588565,863.2176,24260.39824940171,8.032133,-522.2448313756747,-1795.7526,0.0039761458,1.6067852,-0.15867928,180.09464,-7262.8,-8.628172,2795.7446,1.0640296,0.20397484,-0.7288611,-1787.7582,0,6.8526525,2775.4414,-331.7062,-599.1405006595488,319.7645896617323,-311.96622,69,-7302.772,44.799416,0.18722583,-612.0141576642861,7.893487744964659,0.7995293,90.215595590882,5.6778154,-1.7508734,0.002703758,862.33545,-7.0691485,1790.8676,180.09464
284000,655000,220.4022167408839,836.26654,24578.193392261863,7.37679,-511.4477023385228,-1849.0463,0.0048044836,1.5431476,-0.30719975,154.50085,-6012.6694,-7.053567,2761.302,0.5899954,0.35802996,-0.69582784,-1847.5364,0,6.3037224,2723.2395,-483.35785,-510.0995116285781,317.8386706681922,-474.5546,70,-5977.3647,34.51957,0.17239739,-617.9571839344177,7.6306190667673945,1.0485016,89.80583486054093,5.4449134,-1.9538095,0.004705153,836.2409,-8.156007,1847.663,154.50085
288000,660000,225.94952362030745,848.8976,24902.25776582025,7.888017,-460.4752658455463,-1899.2041,0.008968669,1.6084828,-0.1916566,205.52344,-7108.5493,-7.180843,3522.1978,0.7400703,0.508132,-0.71745026,-1917.2043,0,8.611098,3144.5452,-379.32416,-509.408561581391,323.3050025673583,-360.1088,71,-7157.9727,48.080925,0.19269255,-602.5553033196175,7.592656032182276,1.8292814,89.7628229148686,5.582366,-1.6963089,0.021752715,848.7601,-7.5532656,1910.4703,205.52344
292000,665000,221.30632799770683,756.5701,25220.826873543672,6.918634,-452.4345464168768,-1862.3425,0.0024944462,1.5630496,-0.057194967,180.04422,-7045.3247,-7.7494097,3323.4321,1.3007907,0.8688619,-0.6821316,-1874.1543,0,6.8697543,2986.1072,-493.87888,-543.5280074937265,319.4354010494426,-492.948,72,-7084.1304,40.776146,0.18588582,-555.3195676432416,7.606381822377443,0.85699284,90.52269122935832,5.786872,-1.75774,0.0029261135,755.83496,-8.63256,1868.1836,180.04422
296000,670000,220.88693288806826,745.7502,25539.48323438596,7.222838,-488.21212850723646,-1701.1293,0.005876803,1.5665127,-0.028068755,170.89574,-5860.808,-8.445024,2767.1362,0.9512569,-0.029721916,-0.68442297,-1687.9519,0,7.587156,2556.341,-633.227,-568.2377613497131,318.14060991443694,-620.7296,73,-5897.5156,40.21573,0.1863921,-568.1117467204318,7.596754379570484,1.8291557,89.6569226467982,5.5292387,-1.7836244,0.014653832,743.31866,-12.678303,1696.3014,170.89574
300000,675000,236.42579368501902,924.5324,25873.186045872048,7.5531282,-461.06380123931564,-1920.4524,0.0069658994,1.5750403,-0.26813728,192.16159,-7445.819,-7.4670515,2935.336,0.6032945,0.351421,-0.6970533,-1914.0098,0,5.9404106,2818.3152,-522.79626,-594.7639851666123,334.1957972701639,-560.0335,74,-7400.4907,34.188286,0.17993332,-600.0662284689289,7.5968833873048425,0.8760148,90.17312019784003,5.2572837,-1.5971849,0.008604972,924.53326,-7.2037106,1916.6666,192.16159
304000,680000,226.4195041731,751.772,26196.679453465156,7.288129,-512.7088109422149,-1942.0886,0.0020785597,1.5675892,-0.06625986,185.24603,-7054.27,-6.016068,3036.0598,0.9886816,0.063665986,-0.695468,-1933.695,0,6.043674,2889.4185,-637.4014,-576.8714765133611,323.7052047578618,-628.54443,75,-7027.4277,39.335083,0.17777582,-534.6779001330967,7.604932223446667,0.94711417,89.68076836131513,5.5964394,-1.5320876,0.0053660525,753.7961,-7.1607895,1936.4895,185.24603
308000,685000,222.47343156766146,763.8638,26516.128330091015,7.457535,-510.38125754160313,-1816.6013,0.0016117862,1.5739917,-0.31251323,182.32225,-7012.584,-6.9707065,2539.586,1.1149974,0.06951523,-0.6753496,-1811.8289,0,6.963177,2546.6958,-623.30566,-623.9050446684921,319.52561789844185,-614.3661,76,-6990.363,36.018295,0.18487631,-540.6814382422384,7.582981060259044,0.7603612,89.46920527052134,5.791862,-1.658709,0.005262088,765.0312,-11.808072,1813.3385,182.32225
312000,690000,226.82639121916145,733.9774,26841.08539536968,7.239404,-478.9931343818243,-1787.518,0.00065606454,1.5438645,-0.12034931,173.905,-5583.323,-5.9204674,2365.7615,1.0050436,0.056609154,-0.73018444,-1787.6891,0,6.7008724,2342.4768,-392.23267,-585.1332461726048,323.8475782144815,-459.62244,77,-5567.857,28.955753,0.18245694,-570.9494782755243,7.628160502761602,0.6686603,89.39302649255842,5.436711,-1.6679004,0.001036734,731.7908,-10.864498,1786.4163,173.905
316000,695000,230.11933101527393,822.93396,27169.247825457714,7.6576223,-552.5431938131751,-2085.8923,0.002944108,1.5696734,-0.389826,179.74231,-7153.714,-7.5914426,2682.4368,1.074312,0.31714243,-0.6892474,-2084.22,0,6.7648325,2636.5388,-667.59827,-646.5796497492702,328.28330853022635,-658.1596,78,-7202.682,44.39849,0.19300655,-572.4922611326691,7.660908379592001,0.96283686,90.50306913536042,6.100622,-1.6377635,0.0023319414,819.88306,-7.6960917,2083.9207,179.74231
320000,700000,221.48946924321353,693.6524,27489.070488525555,5.951907,-491.8057341367556,-1675.1848,0.0034255735,1.4693986,-0.00794856,147.94437,-5328.1226,-6.375306,2615.4526,0.5720139,0.02852112,-0.6841385,-1692.2188,0,5.8307524,2143.7107,-536.2604,-550.3962171162567,319.53262934368104,-509.78702,79,-5313.344,40.89271,0.17656186,-551.7715420106593,7.660451853647828,1.35669,90.38270824681967,5.1745315,-1.703577,0.0074162623,694.1088,-7.304971,1685.6631,147.94437
324000,705000,250.35155555326492,799.3082,27838.094938163646,8.115259,-513.9741060300936,-1877.8489,0.0039519803,1.6173601,-0.23368604,165.10774,-6396.9204,-6.357065,2828.8757,0.79523027,0.14567792,-0.693277,-1876.0707,0,7.038875,2721.5132,-498.8172,-595.3209761339275,348.70826765336096,-521.84125,80,-6349.152,36.626343,0.1834653,-589.760746169884,7.683560901321471,1.1635066,90.67315119877458,5.795888,-1.5329382,0.0102839125,799.45953,-8.373992,1874.4049,165.10774
328000,710000,237.52902573999017,776.8671,28174.458582961,6.8641996,-490.54117833636616,-1662.866,0.0068518682,1.563663,-0.043346852,171.17645,-6177.154,-7.0717955,2650.3044,1.3235731,0.23234308,-0.666345,-1661.72,0,7.282455,2665.315,-468.2934,-520.5696682478788,336.17849557474256,-469.6328,81,-6168.175,44.31874,0.18348454,-574.6360557440518,7.659461640752852,0.97775525,90.99000819399953,5.691993,-1.7255056,0.01550662,778.0561,-7.114368,1661.044,171.17645
332000,715000,240.8641580864787,686.9152,28513.400590837933,7.0973754,-531.1157669713638,-1789.4905,0.001455244,1.5642651,0.04822798,177.78491,-6770.6685,-7.4422207,2935.0,0.67266285,0.25230777,-0.68784034,-1797.3063,0,6.6475115,2869.3542,-425.92535,-566.0337310915932,339.72196989972144,-431.78714,82,-6797.2188,37.944977,0.18168335,-539.348354860311,7.682143645361066,1.544193,91.17566816788167,5.6360526,-1.6886572,0.0022826246,687.02997,-9.915792,1793.1328,177.78491
336000,720000,243.56397918146104,570.03125,28855.77624114696,7.365494,-434.9299180247493,-1545.443,0.0035411431,1.5764227,-0.018439148,156.68881,-5685.7437,-7.160251,1901.9586,0.66461074,-0.024086714,-0.69924986,-1560.4287,0,6.9112115,1813.8121,-265.0643,-516.3878777878001,341.6274363491684,-280.0225,83,-5655.89,50.349716,0.17919473,-549.9465501726103,7.667103452607989,0.8289343,90.3963537150994,5.849081,-1.7437482,0.0070367204,570.8977,-10.578461,1554.5726,156.68881
340000,725000,231.39380538649857,735.38916,29185.909240989015,6.5762315,-524.0967242145251,-1889.1449,0.0017372724,1.5217108,0.06383862,176.04672,-6997.075,-5.540204,2380.1816,1.0310968,0.08212292,-0.67852175,-1892.5076,0,7.6351423,2170.686,-622.94867,-591.5697561455601,330.20215537957847,-629.50745,84,-6852.51,38.288155,0.18012547,-580.9691719914598,7.663409922271967,1.215462,91.14494007080793,5.2208166,-1.6929297,0.005346717,734.42505,-8.04512,1889.5826,176.04672
344000,730000,253.39584399666637,833.2743,29537.19919495564,7.8601136,-483.32049764376046,-1716.7773,0.0022155126,1.6356598,-0.19505277,176.68318,-5106.214,-8.61604,3170.2117,0.92661256,0.5140629,-0.67214674,-1727.7502,0,6.2696342,3273.114,-480.21878,-572.5261178322138,352.15217462554574,-471.8271,85,-5213.627,36.75972,0.18928282,-554.6539088720758,7.68002672214061,1.0442905,91.07630390673876,6.179835,-1.7389584,0.0049530813,834.1455,-6.9822297,1721.5692,176.68318
348000,735000,243.41165110003203,757.41223,29878.972329051234,7.0378747,-532.2019099490831,-1865.0566,0.0039109294,1.5720948,0.03646666,192.92459,-6413.4346,-6.7525096,2587.9766,0.74426734,0.51824343,-0.6648882,-1877.5247,0,7.501456,2431.0657,-528.6054,-595.8525446229409,341.3168918918818,-506.71945,86,-6297.595,46.653076,0.17822462,-570.3694169032577,7.690667906776071,1.6551182,90.21457288507372,5.5714703,-1.6244718,0.011623282,755.93066,-8.297577,1871.3489,192.92459
352000,740000,243.52861065045,859.3355,30221.13788955193,7.3230696,-465.2501770581746,-1838.6605,0.0033617609,1.5755469,-0.25479406,167.62485,-7068.1416,-7.2808394,2651.0574,0.79816616,0.17640835,-0.6765155,-1833.6926,0,5.91163,2493.765,-572.36896,-578.8566517466734,341.8569143395871,-585.4956,87,-7217.593,38.87207,0.17515841,-581.6222980473316,7.656833599321544,0.6941183,90.67147008981556,5.6848707,-1.5760598,0.0047559477,860.94763,-8.298425,1835.2284,167.62485
356000,745000,238.21993482951075,610.8592,30557.239325795323,6.4659624,-470.6714236104286,-1608.3047,0.0027466472,1.4943789,-0.04137371,170.46661,-6775.1587,-5.3084803,2186.839,0.6212756,0.26400852,-0.68714494,-1619.5,0,5.578473,1930.1481,-651.2915,-520.9436713686271,336.8661588570103,-615.81067,88,-6844.9395,30.554,0.18420927,-603.351206319004,7.665630833245814,1.5894725,90.98059319425374,5.3261333,-1.6378862,0.007523393,610.55566,-11.13933,1614.9252,170.46661
360000,750000,245.5830411752686,783.19196,30902.155310777016,7.4872923,-505.2607272543178,-1748.8939,0.0064128875,1.5833033,-0.29222924,161.78465,-6401.7314,-7.745443,2841.974,1.1073233,0.099937975,-0.6753354,-1753.2561,0,6.302837,2630.97,-461.3524,-614.328399444919,343.4613713286817,-469.81796,89,-6441.1353,43.556564,0.1696907,-604.1410826883777,7.6618941416963935,1.049251,90.21643601171672,5.5526767,-1.593585,0.0042035775,782.4324,-7.7233257,1750.6223,161.78465
364000,755000,266.009565978311,771.49524,31267.050876640715,7.0551605,-497.6689346069646,-1909.7961,0.0035419136,1.5673194,-0.1945447,170.97447,-6708.2036,-6.80709,3057.959,0.6408176,0.35120308,-0.66047144,-1928.9629,0,6.488068,2406.4536,-609.7678,-602.9297325205441,365.3421443896368,-595.07275,90,-6727.725,40.870964,0.18680093,-586.4705880350219,7.660703609697521,1.50136,91.67187480162829,5.6267757,-1.7139982,0.025512999,771.38525,-12.590183,1922.4725,170.97447
368000,760000,223.4343250868842,825.37854,31588.531384732574,6.996048,-552.6377557222156,-1856.6348,0.0049839607,1.5341061,-0.20780405,161.52618,-7507.533,-11.125761,3118.7737,0.5798912,0.6403991,-0.69370013,-1858.971,0,7.7649617,3012.1838,-552.3463,-610.6471698092497,322.35851086489856,-557.8208,91,-7426.17,36.666107,0.18736123,-542.7108406266748,7.698491828516126,0.8755678,91.22569394949824,5.7779965,-1.7833629,0.0048409523,826.3121,-8.711324,1857.2645,161.52618
372000,765000,234.35968978796154,661.2546,31921.522479454987,6.2750134,-503.2628777716438,-1627.7036,0.0038913805,1.4815056,0.048215,163.46542,-6145.8794,-6.882842,1850.0126,1.1140658,-0.027987242,-0.6886628,-1624.5417,0,7.7754602,1808.5325,-538.61536,-572.9392786803994,332.37127198651433,-529.3141,92,-6167.7407,39.30497,0.17208779,-642.0803663806297,7.663364969193935,1.11469,90.34821722935885,5.4528937,-1.6078632,0.005044646,662.6547,-10.730463,1625.1198,163.46542
376000,770000,230.45517438091338,723.1312,32250.79357717093,6.8595185,-521.0766065669618,-1628.1125,0.002639316,1.5460733,-0.04100417,156.67831,-5576.9907,-6.030297,2123.0789,1.0498676,0.38025892,-0.6937885,-1640.1383,0,7.2418423,2047.3461,-403.35272,-667.7827407587462,329.0849292492494,-416.26837,93,-5542.768,45.56215,0.17747194,-575.5513219752303,7.661168264225125,0.6955789,90.9685866041109,5.576948,-1.7450137,0.0037666678,722.0138,-9.013562,1634.4282,156.67831
380000,775000,239.22920771874487,817.9091,32587.890548187308,7.1708565,-482.6855865233656,-1861.9535,0.004087603,1.5667262,-0.15137526,172.07063,-6656.2744,-6.909898,2595.4988,0.67185223,0.43201077,-0.6822195,-1866.3828,0,6.4796276,2477.3665,-609.03143,-516.7711320127286,338.03418980073184,-608.7432,94,-6614.5645,37.378258,0.1664658,-575.5380069598243,7.649438375607133,0.527682,91.15554370637983,5.7879663,-1.7218366,0.0067725084,818.8285,-9.019485,1863.1698,172.07063
384000,780000,240.78546711057425,783.08704,32926.72043731809,6.977803,-537.1707844518708,-1655.9094,0.0013769164,1.5575706,-0.032513425,183.71764,-6692.1675,-6.8869925,2562.902,1.1160605,0.26744926,-0.67184776,-1646.3734,0,6.7882338,2423.3682,-501.72238,-595.4265404118755,338.6567686088383,-475.63882,95,-6668.128,37.19641,0.18193577,-578.2327207225037,7.6526998383924365,0.9464016,90.21860165987164,5.4865346,-1.8117905,0.004864775,782.5269,-9.968054,1651.1809,183.71764
388000,785000,236.60984155349433,745.4678,33262.06915085204,6.883728,-529.2331212514172,-1675.9675,0.0016076776,1.5496022,0.045159638,172.06387,-6685.6055,-7.0811005,2296.7283,1.0145507,0.18513024,-0.67479146,-1660.8131,0,6.5103345,1972.36,-450.8063,-549.7908876331916,335.31294877268374,-463.85352,96,-6771.0835,33.317024,0.16778913,-592.4806695059191,8.310540524311364,1.5100834,90.39256669487804,5.6139746,-1.6313162,0.004301298,744.7819,-9.354438,1670.1373,172.06387
392000,790000,230.05247330479324,653.1277,33590.243233799,6.643056,-507.045884189968,-1760.7867,0.0019746365,1.4963434,-0.20495582,152.08392,-6071.0024,-6.027901,2159.7786,1.58179,0.24899673,-0.69430614,-1774.8002,0,8.181936,2117.7966,-402.19904,-552.6061157461835,328.1223038509488,-436.65594,97,-6007.35,41.12436,0.18054229,-519.6433481346053,7.640731074847281,1.0034457,90.42909947130829,5.478324,-1.6622118,0.0030969013,652.614,-6.775694,1769.2122,152.08392
396000,795000,235.0486508300528,644.60547,33923.277375223115,7.4939322,-589.7964264174144,-1821.1565,0.0019992534,1.5941591,-0.043682627,166.5603,-6768.9478,-8.1142845,2713.9685,0.5569265,0.31803322,-0.68834084,-1815.9226,0,6.4522142,2660.0208,-615.1558,-614.9504001598923,333.16016676463187,-686.01776,98,-6711.0903,40.30609,0.17108385,-585.3500412071148,7.6303139086812735,1.4568346,90.4812020258978,5.5736766,-1.8010377,0.03800308,644.6057,-14.239679,1818.4485,166.5603
400000,800000,230.60887682717294,684.15906,34252.17394361552,6.4878416,-507.6700415905968,-1686.6849,0.0057862885,1.512981,-0.17893067,179.38432,-5699.361,-7.343408,2326.3564,0.5859675,0.5741061,-0.6592345,-1697.8113,0,7.7091393,2160.377,-548.37,-571.2280566644014,328.63067864626646,-534.0802,99,-5619.057,45.090343,0.16257742,-576.8226428808606,7.6658977111801505,0.81512576,90.35590410791337,5.1520796,-1.6396313,0.010477865,683.84674,-8.048995,1693.6985,179.38432
404000,805000,232.6013509463519,802.8084,34582.9032642059,7.702638,-515.316342254934,-1949.3568,0.0031766158,1.6110059,-0.062492006,182.72409,-7066.7036,-6.5760603,2474.2166,0.9535719,0.29423606,-0.67978746,-1931.5168,0,7.4622335,2138.3933,-573.31726,-539.5780577017232,330.9180269939825,-623.51025,100,-7018.0825,49.185047,0.17617229,-561.9910085569339,7.694236776791513,1.0331503,90.6224392708391,5.970735,-1.6659777,0.0053073848,803.76746,-7.5021586,1943.2408,182.72409
408000,810000,249.14846445340663,722.4887,34930.39375210088,7.0251503,-482.1842488262035,-1837.4514,0.0022120024,1.5623834,-0.04836445,179.34482,-6690.1333,-7.019594,2610.6853,0.50680435,0.30217302,-0.68735707,-1836.9371,0,6.9691167,2565.409,-754.32733,-556.8027352313267,347.2257768586278,-757.37787,101,-6623.7505,46.25277,0.17414893,-590.8946726800802,7.643077035434544,1.5545018,90.43423536978662,5.4524746,-1.6497731,0.004004361,722.7067,-5.7740126,1836.0693,179.34482
412000,815000,247.9090659050271,637.0756,35277.372570505366,7.1609178,-557.0655202943739,-1916.4863,0.006528923,1.5714546,0.059271265,186.73482,-5561.3955,-8.626714,2786.6033,0.77651703,0.2349996,-0.69935566,-1918.8922,0,7.7970734,2685.6758,-487.04453,-608.9264160837869,346.28648751042783,-476.83902,102,-5651.4067,35.007744,0.18484804,-555.8029852282851,7.677721505053341,1.5589623,90.6997001003474,5.56409,-1.5076847,0.0151653215,638.3473,-9.047487,1916.4229,186.73482
416000,820000,226.21684684045613,725.9767,35602.053661241196,6.455681,-527.2359163574693,-1537.0741,0.0029635683,1.5019784,-0.09612407,166.80086,-5324.38,-6.326977,2052.1292,0.7363227,0.19096506,-0.6757761,-1535.9019,0,5.7877398,1980.137,-485.96466,-573.5545882846288,325.31550602428615,-498.5585,103,-5272.175,32.587425,0.15909113,-574.0895064126483,7.70608969964087,0.88475907,91.39256948418915,5.1680408,-1.4145675,0.002530158,725.80597,-10.287193,1536.1624,166.80086
420000,825000,242.1120795411989,736.6224,35942.71735524293,7.7600327,-479.8627137604589,-1747.7395,0.0024608125,1.6250437,-0.06061093,161.0734,-5862.389,-6.4867787,2840.0645,0.5287641,0.24116707,-0.6604498,-1738.5573,0,5.9599133,2661.3445,-621.41187,-569.3242613071769,340.56637991499156,-616.41016,104,-5814.7275,38.268097,0.15163264,-583.2689597224232,7.695541673339903,1.0879165,90.75875870045274,5.536228,-1.4437177,0.0035417185,737.92957,-8.267555,1742.1234,161.0734
424000,830000,228.42019617091864,722.7139,36270.70408565458,6.490518,-515.7595085056835,-1783.8333,0.0022948587,1.5069187,-0.060939062,149.47343,-7009.126,-7.557591,1879.6195,0.5008063,0.6069864,-0.6769386,-1785.5072,0,8.566583,1919.5067,-684.53143,-563.7202970715715,326.9978124378249,-704.39026,105,-7053.1113,48.26902,0.1713793,-588.0716079934851,7.720785259269178,0.9276196,90.85683100763708,5.416727,-1.6789166,0.01007646,722.2945,-9.0739975,1783.8851,149.47343
428000,835000,236.6185716567561,859.93396,36605.858528670855,6.290196,-547.1143101617688,-1646.768,0.0043876315,1.4932606,0.016207866,162.68608,-6068.928,-6.8290825,2280.1453,0.66389364,0.26329052,-0.6814483,-1644.8918,0,7.0505886,2158.7986,-613.23114,-538.6013774209216,336.16047325823456,-600.14703,106,-6088.1475,42.01541,0.17056794,-579.5897402177366,7.695674986578524,0.83959293,91.84622661489993,5.100268,-1.5214989,0.011688103,860.4597,-8.642712,1645.4143,162.68608
432000,840000,234.5463355127722,677.1014,36939.55690369755,7.6282606,-487.0088362111734,-1741.7234,0.0019884338,1.5978911,-0.018288322,180.46521,-6789.965,-5.6391525,2581.5461,0.84662426,-0.022813499,-0.7025096,-1748.4668,0,5.894179,2500.763,-655.27136,-562.4745961300206,333.06213948782533,-682.85645,107,-6806.668,40.970985,0.18423146,-584.07973536002,7.674875603057444,0.82755345,90.84092837199569,5.229565,-1.7185383,0.006657398,676.6365,-7.972702,1744.097,180.46521
436000,845000,243.6107218619436,738.0721,37282.164089608006,7.210553,-512.7690709253745,-1965.7936,0.0047190627,1.5973822,0.06737374,164.30792,-6112.5483,-7.996001,2112.4072,0.36999986,0.16201735,-0.6444782,-1952.0228,0,7.671635,2042.791,-642.5793,-574.2298529990705,342.7497590081766,-633.4163,108,-6131.0347,36.261032,0.1572502,-547.2615801876839,7.6613619374111295,1.298017,91.47767520882189,5.299726,-1.6671208,0.0102444235,738.5904,-8.538629,1960.7539,164.30792
440000,850000,244.55110328644514,737.286,37625.07852877118,7.466704,-499.0934347003145,-1848.6562,0.004935884,1.6030743,-0.1732565,164.19989,-7205.33,-7.2660007,2352.4353,0.8977917,0.2792809,-0.65147984,-1848.4164,0,8.307315,2311.6592,-640.0285,-548.9013822547339,343.5771381193772,-621.924,109,-7095.8804,43.95339,0.148456,-562.9761713627746,7.690273050218821,1.598203,91.33576178271323,5.616894,-1.5884885,0.009177405,736.48193,-11.584019,1847.8186,164.19989
444000,855000,249.50998485088348,726.746,37973.8200843567,6.943469,-510.34594167494384,-1739.5859,0.007778085,1.5586146,-0.10024645,170.23749,-6053.029,-7.134107,1857.6735,0.7745296,0.093542814,-0.670528,-1738.5808,0,7.3698726,1902.3707,-645.7951,-517.4476072977865,347.8677235171199,-636.12836,110,-6051.028,40.327934,0.1641325,-585.06445221122,7.684057747013867,1.1010057,90.67368091922253,5.6272364,-1.4851577,0.0028219342,726.214,-10.879222,1737.9951,170.23749
448000,860000,253.09615428280085,833.54425,38326.41477806959,6.7799788,-554.5237824005457,-1809.3884,0.002288749,1.5504671,0.025051752,150.67348,-6013.7393,-7.1622205,2900.299,0.7756825,0.1517154,-0.651687,-1810.8053,0,6.796762,2788.839,-598.00806,-593.9550651592309,352.32217588834465,-593.93774,111,-5932.168,36.275616,0.16754726,-565.6787227194687,7.67791435495019,0.83095706,91.5481072505936,5.4489064,-1.6297591,0.0048483284,834.1036,-9.464481,1809.0311,150.67348
452000,865000,259.0803564833477,660.4702,38683.849066942,6.3550777,-527.7599495089682,-1777.6973,0.0049306126,1.4998237,-0.008449311,166.38806,-4676.259,-7.239276,1773.0885,0.7861713,0.04593736,-0.6699276,-1777.2955,0,6.9110885,1624.5778,-596.8539,-603.2416078573085,358.5794278765097,-599.7904,112,-4628.1504,34.638905,0.16412279,-582.7357212394106,7.677621994167566,0.8016658,91.82144939899445,5.5275764,-1.563227,0.005445456,659.7526,-8.493248,1777.8573,166.38806
456000,870000,238.9427375374362,675.13074,39021.63321006298,6.6246247,-496.269059163126,-1491.4631,0.0034132171,1.5231128,-0.03878038,156.54185,-6662.0874,-6.9760904,1673.3422,0.8703359,0.116638005,-0.6529624,-1490.416,0,6.7868342,1635.997,-551.99274,-515.2203987158963,337.31418108567595,-572.93463,113,-6642.7476,35.684547,0.16252431,-544.8775063144044,7.694655633531511,1.2987982,90.67678791470826,4.9032893,-1.4940708,0.0027204233,676.9654,-8.11546,1490.13,156.54185
460000,875000,268.3185164928436,765.91266,39388.50058314856,7.188306,-498.69566543467704,-1828.1257,0.004805135,1.5703609,-0.25284383,173.99203,-7453.9136,-7.725072,2187.9194,0.7805616,0.9549589,-0.64187825,-1832.0195,0,9.088578,2225.072,-452.38452,-565.2953706580115,367.154746142216,-450.18298,114,-7467.403,56.654503,0.16816644,-555.1511039395238,7.688891261816025,1.1218157,91.14733838755637,5.843127,-1.4891832,0.0093658855,765.8925,-7.7484837,1829.495,173.99203
464000,880000,273.4171255202964,862.4618,39760.21210427303,8.174563,-454.3633196347795,-1930.6194,0.0034164344,1.6858763,-0.09551745,180.80536,-7360.649,-8.076,3269.0125,0.35651025,1.8228626,-0.6380898,-1921.9977,0,13.735018,3031.9863,-498.45578,-513.1428221055436,371.9476758716628,-498.47293,115,-7313.253,54.457882,0.17118707,-595.2117983267249,7.66976804099977,1.8399092,90.86078231036663,6.050445,-1.6369271,0.00778021,863.99274,-7.931921,1925.8613,180.80536
468000,885000,236.42616764362901,742.2017,40095.045146375895,6.527028,-526.9142628677452,-1968.5531,0.0016543918,1.5107126,-0.059306346,177.91513,-6363.2407,-5.9641976,1924.1901,0.6730719,0.15626144,-0.67814994,-1966.6018,0,6.8831363,1932.526,-711.1913,-571.1197005286251,334.72631873749197,-714.69385,116,-6286.765,32.825157,0.16366403,-569.8854498632447,7.674802370369434,1.4970558,90.62534872349352,5.229428,-1.489978,0.002346093,740.7573,-8.039708,1966.538,177.91513
472000,890000,228.7940024053678,771.06274,40423.008824830875,6.923032,-565.1676806625571,-1826.5588,0.002111358,1.5200707,-0.3466286,174.84657,-5218.7065,-6.557628,2224.653,0.73355263,0.24545759,-0.66475666,-1826.7688,0,5.815145,2217.0098,-672.5545,-621.6419326071248,327.2122729634866,-680.98096,117,-5169.981,43.31801,0.16414352,-563.1039140730761,7.685542964376509,0.94424343,90.73272759374231,5.588426,-1.5888753,0.0039178617,769.57043,-11.906809,1825.693,174.84657
476000,895000,224.72069074958563,638.04767,40745.93433122616,6.6740294,-485.831021165227,-1844.0007,0.0018178463,1.5093586,-0.28108412,158.99673,-6984.707,-6.3948917,1994.7738,0.9424224,0.33672237,-0.6271879,-1843.1433,0,6.550992,2030.5057,-459.25546,-581.0498606213155,323.8857246255502,-498.62225,118,-7000.09,52.614014,0.1489789,-576.4291078588587,7.6802055621519685,1.3697294,91.48482831381261,5.1816688,-1.421434,0.015543306,637.8029,-10.907484,1843.47,158.99673
480000,900000,244.9800619566813,701.21423,41088.81935936306,6.3282404,-514.3986563504097,-1779.5746,0.0018526105,1.522542,-0.013798082,160.70534,-6947.243,-6.4821725,2013.5055,0.7095427,0.30720907,-0.6168165,-1793.7787,0,5.7955027,1864.8932,-615.8442,-602.725171398996,343.1897845286876,-627.6724,119,-6862.973,46.294273,0.14781773,-560.6755856655636,7.6844725692644715,0.62466335,90.52525000274181,5.3796196,-1.6506307,0.006471091,702.1486,-8.645911,1789.5973,160.70534
484000,905000,246.3919074041769,707.3204,41433.834901522845,6.066748,-502.48696189937186,-1834.7715,0.0032289173,1.4683189,0.04544983,166.60007,-5691.5205,-6.955839,1881.3383,0.85143745,0.050096273,-0.66695786,-1828.7281,0,6.974818,1916.0905,-753.48627,-560.4951612505996,344.2524402262643,-755.76074,120,-5731.721,30.907343,0.16593415,-600.1493638018676,7.639316249638796,0.49095812,90.22121657244861,5.022823,-1.7313187,0.0072825714,709.5171,-8.215364,1832.2151,166.60007
488000,910000,243.59611669182777,636.962,41775.3808940826,5.4645853,-473.3343414733056,-1573.2924,0.0041706995,1.4495634,-0.14272651,143.14723,-6146.5034,-6.80297,1828.6871,0.91877097,0.17144084,-0.62675947,-1564.8894,0,7.4728327,1782.8477,-654.2106,-516.0292265191518,342.246428319253,-648.0969,121,-6166.326,33.5026,0.15158121,-568.5846579555274,7.665384196676314,1.1966455,90.98492743074894,5.0624256,-1.3843716,0.0030804344,638.8704,-11.463459,1570.2223,143.14723
492000,915000,231.78767378628254,837.4989,42105.185444802046,7.2798753,-450.76571828033224,-1906.9167,0.0072210534,1.5888888,-0.009452179,180.47568,-6462.219,-7.0833316,2533.2637,0.6548009,0.6355415,-0.6578762,-1916.0258,0,6.979152,2254.0295,-597.731,-513.9812117861436,329.7463820623234,-603.5466,122,-6455.303,42.454384,0.16287002,-579.1918026535245,7.673314223065972,1.2248275,90.28539405297488,5.7341895,-1.6381342,0.012189501,839.33264,-10.823313,1911.7637,180.47568
496000,920000,239.1265689721331,735.64154,42443.041586840525,6.4790215,-471.31873555201724,-1684.8535,0.0055730315,1.5415533,-0.08691647,172.96384,-5272.331,-7.2678337,2835.3552,0.58038574,0.042010784,-0.64813423,-1665.1986,0,5.876561,2301.1438,-581.74316,-527.6165758579343,337.1085971482098,-609.0581,123,-5340.646,38.782482,0.16583164,-565.0640366359518,7.637758161872625,1.6696541,90.34427001420408,5.5296917,-1.5713675,0.0027896804,737.05493,-8.328551,1678.0707,172.96384
500000,925000,224.42033406160772,785.30554,42765.24078122061,6.87323,-500.31298105093447,-1816.0515,0.004319986,1.5719694,-0.09445391,154.04108,-6836.1895,-6.530407,2759.08,0.43470016,0.44486493,-0.6510603,-1820.0715,0,6.474483,2893.578,-685.367,-535.2469203632013,323.1583079462871,-679.6464,124,-6786.722,38.578964,0.15787299,-526.488559175784,7.645268733613193,1.4955621,91.09270515106618,5.598617,-1.4616584,0.010621185,784.97644,-9.202753,1816.8358,154.04108
504000,930000,228.31158707197756,740.7551,43092.49956577644,7.3105497,-485.56818376181525,-1787.6204,0.004213172,1.5905226,-0.08224337,149.4888,-6910.947,-6.656992,3084.1594,0.5772153,0.43525577,-0.6686372,-1812.2054,0,7.054702,2559.9392,-748.4245,-526.8565400098655,326.0880298241973,-722.08563,125,-6807.5176,34.850674,0.17607136,-603.9275865291278,7.642177435569465,1.2738421,90.13426531665027,5.8294697,-1.6133595,0.004437064,741.1976,-7.714913,1805.1547,149.4888
508000,935000,233.04892259277403,733.4953,43423.45409127232,6.5149703,-500.11726308143,-1665.3962,0.009841343,1.5121541,-0.092470676,156.27507,-6878.312,-7.6982126,1836.4506,0.6403529,0.57000554,-0.6762178,-1668.6904,0,8.846583,1816.9426,-607.9553,-611.5957755535752,332.04021117743105,-580.5683,126,-6931.4355,41.024612,0.1724685,-600.4661733975704,7.685431433841586,0.8046163,91.30585715081543,5.300417,-1.603835,0.0033564619,733.567,-8.677109,1667.0325,156.27507
512000,940000,237.55600953288376,684.02277,43757.51323517226,6.6712008,-491.8260885925131,-1879.8665,0.00037315369,1.524828,-0.07978115,164.6232,-5445.7466,-7.349366,2516.8147,0.81522447,0.16455811,-0.66248435,-1879.4528,0,6.5122924,2450.0408,-512.7885,-534.0858648048531,335.43152919318527,-535.89716,127,-5449.363,43.628166,0.17126222,-603.5825395620595,7.654835982248187,0.51373553,90.22068367805332,5.6086044,-1.756264,0.005031868,683.66376,-9.280019,1879.5186,164.6232
516000,945000,219.2531936634332,734.3601,44073.44459673669,5.932832,-522.8533450651429,-1689.4163,0.0046986286,1.4805719,0.011254574,159.0091,-6889.1797,-7.1121016,2127.615,0.590474,0.35540605,-0.6480891,-1679.6106,0,6.0176487,2139.226,-710.8172,-562.5570219660601,315.65211089048535,-728.8134,128,-6922.7285,37.67469,0.16441822,-568.4510534008327,7.549802352674305,0.8238183,88.84911487437785,5.4599366,-1.5741138,0.0059695006,737.8663,-18.672934,1685.4805,159.0091
520000,950000,230.4434854928404,739.40796,44400.309006765485,6.387687,-455.06133996393834,-1550.8008,0.0058558336,1.5274358,0.049800538,164.06116,-6516.993,-5.721232,2099.3718,0.2098681,0.24985683,-0.6216608,-1556.802,0,5.89605,2105.4724,-524.147,-492.98429750942415,327.11878239549696,-555.3543,129,-6504.7676,32.151382,0.14742361,-571.0285820755884,7.546363387256861,0.8340478,89.1289335153997,5.105482,-1.3486822,0.0054718438,739.35046,-8.30164,1553.9163,164.06116
524000,955000,220.5614182865247,741.2291,44718.24074870907,6.450267,-512.769166696746,-1941.2781,0.0020950374,1.5178026,-0.17570321,159.99481,-6934.5444,-8.604357,1815.2997,1.3892936,0.7919625,-0.656047,-1939.5172,0,6.61853,1795.0078,-729.33673,-573.1930671790826,317.0129634141922,-728.4988,130,-6935.2817,46.210266,0.18021454,-566.8132343782543,7.576012888923287,0.84403276,88.8755322387442,5.4399486,-1.5806673,0.005076226,741.7792,-7.861016,1940.3619,159.99481
528000,960000,222.54635076317936,625.09467,45037.31462734565,5.562686,-503.23248570733085,-1601.0178,0.002886929,1.4450085,0.041945614,149.94626,-4728.003,-6.1516185,1729.4586,0.45855483,0.17926675,-0.63239133,-1602.0543,0,5.001216,1643.4496,-547.63184,-550.7960152416412,319.8870815737173,-561.2703,131,-4760.6772,31.922733,0.14868195,-580.3890673556122,7.545688313432038,1.4789718,89.7950424971059,5.0265627,-1.7699449,0.0043897657,623.5215,-9.516993,1601.5536,149.94626
532000,965000,222.49744225293398,588.1696,45357.08737435471,6.153548,-507.07066177007175,-1572.0276,0.004425737,1.4907794,-0.05097133,159.98854,-5183.686,-6.7035203,1717.1024,0.536495,0.11964089,-0.65287715,-1584.0964,0,6.580918,1460.737,-527.8666,-569.8470502052207,319.02465862594545,-523.50134,132,-5106.368,33.975586,0.16155827,-561.7635361342643,7.544576617889106,0.54870445,88.98263975512236,5.2877674,-1.5460635,0.020151012,586.3781,-8.947033,1579.9667,159.98854
536000,970000,230.36632706876844,755.2824,45685.24107307568,6.2857537,-484.45107242273696,-1684.7773,0.004166135,1.5157658,-0.073268645,157.97101,-6436.977,-6.492924,1953.372,0.5409888,0.17826122,-0.6502632,-1681.678,0,5.9260693,1872.2559,-629.82983,-528.2071552248341,327.63599567487836,-653.6888,133,-6420.5347,29.512272,0.16251917,-561.3828281097005,7.537900977768004,1.096251,89.73176762834191,5.4520955,-1.4890155,0.002397646,753.8872,-10.614445,1682.5612,157.97101
540000,975000,228.14765656366944,726.9475,46010.41323567834,6.650454,-490.9582239346097,-1650.5817,0.002425916,1.5438015,-0.14271338,150.3738,-7113.2983,-6.835275,2380.1826,1.0806465,0.54155535,-0.6377204,-1644.6832,0,6.567189,2145.3953,-740.0193,-502.07075168679734,325.97324773669243,-716.56696,134,-7174.738,45.798008,0.1519573,-576.2871455975026,7.575473961420357,0.7155131,90.25011721160263,5.672406,-1.503958,0.004849392,727.27325,-8.531891,1647.2411,150.3738
544000,980000,232.16858827043325,693.74756,46339.65288661886,6.285997,-488.6414045813475,-1728.1246,0.001494879,1.506313,-0.12811515,156.42128,-7361.049,-7.2122707,2297.8738,0.6384325,0.05731666,-0.62641513,-1740.4441,0,5.7580767,2307.4575,-676.3311,-574.5857862445939,329.2025650627911,-674.3959,135,-7343.605,36.32449,0.14916942,-582.5769487343883,7.584213578142226,1.0700889,89.44976321421564,5.657383,-1.4988744,0.004747685,694.82,-8.445066,1735.3303,156.42128
548000,985000,233.70399939641356,604.64923,46670.70740781352,6.601266,-503.73612837941704,-1751.2402,0.003935259,1.5319175,0.0153087955,155.69933,-5216.8745,-7.0395374,2630.2727,0.37408844,0.07949501,-0.64417064,-1744.8307,0,7.05999,2571.2961,-614.1771,-611.301886939801,330.78189266100526,-648.37616,136,-5140.913,34.848892,0.150627,-540.3532178278077,7.59020359441638,1.4846733,89.48768967017531,5.1437507,-1.6485059,0.011933029,604.8918,-6.9497223,1747.0758,155.69933
552000,990000,230.22351049818099,805.1927,46997.95461896062,7.681712,-462.0480988474991,-1925.5258,0.0043318113,1.6235517,-0.17514591,162.58524,-7021.8936,-6.965205,2815.3457,0.86283886,0.09625077,-0.65069145,-1919.7461,0,6.133104,2594.356,-757.7581,-557.1821758132014,327.54521165043116,-752.98444,137,-7068.697,40.588432,0.17525907,-560.517435194079,7.560540280304849,1.2410799,89.76116087194532,5.972588,-1.5250232,0.015475236,804.9186,-7.5749125,1922.0248,162.58524
556000,995000,238.2777508776635,655.9023,47333.12483759131,6.5046234,-493.86167197503056,-1928.9996,0.004135266,1.5432807,-0.1549683,164.11945,-6196.689,-7.2846136,1994.7147,0.554358,0.14230567,-0.62928194,-1933.3293,0,7.2926683,1781.9469,-848.72723,-514.1237795732421,335.32898711413145,-823.9285,138,-6222.3486,41.446983,0.1712897,-554.876379397872,7.587389416061342,1.3062005,89.46384682040662,5.6052027,-1.7457178,0.0052789254,656.1706,-9.253231,1931.2086,164.11945
560000,1000000,233.63243482261896,720.7137,47664.497989931144,6.229393,-520.6665046515548,-1746.1354,0.0015482964,1.5107795,-0.007665382,157.98709,-5267.299,-6.9574575,1776.3564,0.8512499,0.08877069,-0.6352842,-1744.9955,0,5.9499326,1719.1312,-627.8379,-544.2978461839662,330.54295195359737,-643.9647,139,-5239.6245,34.396446,0.15712644,-585.0177181990115,7.6044563399627805,0.6987917,89.30606079101562,5.348986,-1.4640825,0.004670314,721.42426,-8.283719,1745.1543,157.98709
564000,1005000,232.66746036615223,653.93835,47994.35346621834,5.966691,-504.5602686052513,-1837.6709,0.00872515,1.4835826,-0.024052028,146.15648,-6570.0034,-9.589627,1892.0511,1.0328134,0.5111881,-0.6509415,-1848.0836,0,6.668576,1717.4706,-671.8587,-615.8398099704785,330.3450875384733,-689.9347,140,-6563.7524,37.1744,0.16319387,-559.6207211144717,7.540443799458444,1.0562446,90.13718337286264,5.0251803,-1.5152172,0.002901468,653.5804,-10.303596,1844.8031,146.15648
568000,1010000,229.6471628025174,789.7101,48321.416565461084,6.338772,-509.8623409179168,-1906.6125,0.0019397158,1.4951293,-0.15914337,166.5535,-7093.611,-9.536879,1963.8723,0.59401834,0.34882843,-0.6571285,-1905.456,0,5.9457445,1907.1565,-710.1796,-598.6413976722068,326.8847243459895,-718.3164,141,-7158.1157,49.661118,0.16319744,-612.5869205078277,7.589386744424701,1.2742643,89.64817479904741,5.2236605,-1.5429313,0.003070255,788.6505,-7.5485625,1905.5328,166.5535
572000,1015000,224.00408194586635,694.2829,48643.01063611545,6.748357,-500.2797857946412,-1611.9413,0.00453237,1.5179386,-0.100406155,151.0759,-6594.827,-7.6727195,1982.4423,0.5373088,0.17497957,-0.68361443,-1619.3724,0,6.0696836,1892.8636,-641.79694,-569.8464259447454,321.4163351505995,-626.0223,142,-6638.307,35.47634,0.17138134,-543.4758407563531,7.584864862263203,1.153572,89.82738834246993,5.1845303,-1.7684581,0.0045587355,695.6221,-5.658844,1615.8297,151.0759
576000,1020000,247.1375759737566,596.6113,48987.10985244345,6.1295257,-495.23295492461267,-1581.969,0.0052593583,1.4939097,-0.06555265,140.48996,-6499.4434,-6.0341496,1951.6028,0.74113595,0.46597028,-0.6414691,-1579.4678,0,6.559162,1845.4691,-683.79083,-613.9452651412904,344.686769483611,-676.9161,143,-6518.847,47.890663,0.16137573,-554.5748399171298,7.543640600517392,0.6969788,90.00555290933698,5.1621375,-1.5068568,0.005478649,598.1971,-7.9210987,1580.3729,140.48996
580000,1025000,220.14248331543058,673.26514,49305.08052590769,6.0489564,-466.63396404202143,-1729.6589,0.0048615406,1.478192,-0.24057853,150.3477,-6966.31,-8.642634,1911.8715,0.776933,0.48261672,-0.6302299,-1730.4918,0,6.6730804,1862.9023,-740.8816,-579.3476392292973,317.13713955692947,-754.49084,144,-6942.113,45.179268,0.16863874,-542.6909666170726,7.575789672322571,0.4554039,89.41886656917632,5.4448943,-1.4070694,0.0062032402,670.7801,-8.471017,1730.6776,150.3477
584000,1030000,228.28540672454983,722.5951,49630.48960463889,6.0851393,-531.4823264488488,-1749.8978,0.005274656,1.5017936,-0.02757268,150.53975,-6519.941,-6.7413206,1879.3694,0.83662736,0.105520844,-0.6189925,-1759.0071,0,7.503663,1671.6063,-605.222,-524.8174244882816,326.089581460692,-576.3423,145,-6648.6465,31.03093,0.15759405,-533.6532146060348,7.551006869412959,1.3405426,90.2531678667292,5.0811706,-1.596102,0.0176365,721.92584,-8.527283,1755.7793,150.53975
588000,1035000,238.54493917059153,662.2106,49966.310655961744,6.538537,-456.99254175132705,-1646.4968,0.0063294456,1.5185969,-0.04048945,149.75143,-6513.847,-6.5803547,2127.1453,0.58605546,0.20669818,-0.6380633,-1647.9834,0,7.1518435,2009.9026,-591.87177,-536.7679351872174,335.7308904537931,-584.5712,146,-6455.5728,50.387665,0.1673636,-586.2621478291701,7.612495617941022,1.1625168,89.57345566526055,5.289612,-1.6727682,0.0028146661,662.08203,-10.56039,1647.0414,149.75143
592000,1040000,222.06136108003557,653.36273,50285.45748938061,6.031293,-518.2322121160362,-1539.5085,0.0039253975,1.5065945,-0.0763841,138.97388,-6755.4062,-7.4448595,2098.7693,0.652163,0.18017077,-0.6221727,-1539.7871,0,7.8315287,2129.6492,-618.55457,-573.485517474404,319.334730126895,-638.0057,147,-6771.3486,38.33042,0.15812689,-534.3900359348312,7.608979512937367,0.87062037,89.66438953392208,5.1758437,-1.4422077,0.012457026,655.0996,-7.0208893,1539.8909,138.97388
596000,1045000,222.10716164577752,669.0593,50605.00390081853,6.4720564,-428.09404963742844,-1691.8746,0.0012136375,1.505055,-0.15292326,149.07338,-6042.059,-9.716255,2098.7468,1.0757205,0.04335445,-0.6395011,-1705.9873,0,5.76147,1868.1711,-674.0189,-512.1106649762057,319.71478608995676,-665.28485,148,-6001.3584,40.76331,0.1634945,-581.1948423342005,8.13041740655899,1.3667339,89.47720703762025,5.1721015,-1.5186217,0.008953598,667.9869,-9.10553,1701.138,149.07338
600000,1050000,221.6926844548434,721.2684,50925.3039655881,6.8648863,-444.27597767297846,-1872.9226,0.0049817143,1.5529771,-0.28589106,149.81645,-6909.9937,-8.263398,2349.8748,0.72176397,0.36073017,-0.63107693,-1877.3246,0,5.784256,2346.3591,-682.1378,-568.8677764133911,318.5879468591884,-664.6939,149,-6928.653,42.680862,0.15868562,-588.7369670379296,7.5864111967384815,0.9393606,89.3088512076065,5.598384,-1.5403903,0.014194971,720.4396,-7.8275537,1875.1034,149.81645
604000,1055000,221.8036107691005,546.09924,51244.61739069689,6.7244797,-426.35478329568974,-1712.3512,0.0054876157,1.5316532,-0.047523808,170.72096,-4442.2646,-6.522928,1646.4746,0.44993964,-0.017654419,-0.6535964,-1714.0862,0,7.0902505,1634.5355,-570.2975,-553.9300872533342,320.4497354403138,-581.54346,150,-4416.5693,37.213776,0.1613007,-542.5603139316668,7.624960506334901,0.8435275,91.02116416487843,5.272623,-1.4753523,0.004378126,546.34094,-10.09317,1712.675,170.72096
608000,1060000,222.54217084962875,679.7624,51565.069611300714,7.099759,-483.1247844974852,-1691.825,0.005894428,1.5696542,-0.20736735,177.61847,-6663.8,-6.3199253,2307.5122,0.99008644,0.19616687,-0.64374244,-1702.0525,0,6.0467067,2250.0325,-384.6349,-595.9823695282422,320.00295713264495,-402.742,151,-6626.8057,43.649403,0.17352143,-536.0758787386554,7.575086543336511,1.0663877,89.8856997396797,5.346256,-1.5286574,0.0026431726,680.82916,-8.096776,1697.5803,177.61847
612000,1065000,228.16080992668867,725.9779,51890.66930981353,7.365599,-488.31476640162515,-1898.5847,0.004014661,1.6026201,-0.1399648,171.89197,-5208.5957,-7.4629984,2227.4348,1.0099572,0.07659507,-0.63794947,-1900.7546,0,5.94538,2153.2446,-833.1357,-597.2694130142412,326.1016459930688,-814.2242,152,-5200.182,31.044838,0.15709135,-566.1882463035714,7.604981339536607,1.2989124,90.33585472684354,5.845437,-1.5542628,0.002428181,726.4211,-7.527584,1899.4598,171.89197
616000,1070000,220.5609875554219,751.6686,52208.87829533219,5.7832127,-446.27080913375295,-1779.8201,0.0036322295,1.4877716,0.044510566,152.5412,-6023.313,-6.769165,1544.9547,1.4569565,0.2117387,-0.62420213,-1789.6907,0,7.0853844,1452.0261,-759.61755,-534.5130400298726,318.5491388011724,-764.4446,153,-5992.884,40.599487,0.16805223,-537.5457463299485,8.153149071149528,0.7621431,89.83500217460096,5.398807,-1.5293499,0.0104098115,749.8375,-10.381601,1785.0844,152.5412
620000,1075000,222.76803626026958,633.74457,52528.68465089798,6.2650976,-420.5525514694763,-1705.0281,0.0088319685,1.4928677,-0.108924285,148.29349,-4987.6396,-6.8564878,1568.4547,0.65468204,-0.020089626,-0.6448658,-1716.575,0,6.610283,1393.1947,-669.5773,-452.46521946247884,319.86539818998426,-670.6662,154,-5023.427,47.03591,0.16806589,-580.3079510866726,7.601523640565574,1.1874533,89.4958382891491,5.422686,-1.8255854,0.0061867014,632.96985,-8.225899,1712.1473,148.29349
624000,1080000,221.98691671527922,763.30194,52847.67211587448,7.099967,-479.0183635781789,-1671.9951,0.005497724,1.5604801,-0.23271818,154.22531,-7243.0547,-7.1815,2058.1033,0.52229375,0.03594047,-0.64386034,-1679.8137,0,6.511747,2175.0935,-676.4857,-578.8544412480624,319.01192844379693,-672.9234,155,-7230.775,45.852554,0.1533708,-550.2278395206736,7.587642555125058,1.4483373,89.43736917339265,5.7423906,-1.5540051,0.008815047,761.5265,-7.923944,1675.2004,154.22531
628000,1085000,227.30073445942253,712.1308,53171.82957371231,6.8713927,-460.14321171339725,-1754.2991,0.006228971,1.5687425,-0.18322377,162.18896,-6378.0737,-8.322546,2662.7778,0.75292975,0.68514484,-0.6180549,-1751.2546,0,5.8889613,2728.9617,-744.42065,-576.2924118212577,324.2765164123848,-733.6133,156,-6381.8135,43.369686,0.16016379,-534.8484819403003,7.562066943384707,1.3271469,89.41371500957757,5.8156905,-1.4194705,0.009806758,712.14935,-8.442817,1751.5765,162.18896
632000,1090000,232.96888806018978,757.7921,53502.11263707001,6.8241324,-447.32611010973534,-1839.1272,0.005429335,1.561576,0.017790085,154.08441,-6455.832,-8.170986,1834.5277,0.81982756,0.5982102,-0.6213652,-1849.4187,0,6.81501,1775.7567,-658.92914,-526.2654829418282,329.85763031151146,-650.66675,157,-6432.244,40.831234,0.16123839,-537.7270834591462,7.593201698735356,0.83134353,89.29554055258632,5.443913,-1.4342641,0.0038309046,755.5926,-7.7884455,1844.9261,154.08441
636000,1095000,224.06459667906165,690.81696,53824.2578950841,6.587205,-451.5445048910676,-1623.9054,0.009694915,1.558232,0.13850777,154.00839,-5523.1543,-6.255225,1798.4462,0.6563058,0.33553433,-0.6038085,-1608.5845,0,7.6994195,1713.1903,-659.98566,-576.8686600533255,321.3907442120835,-682.93854,158,-5569.394,34.95575,0.15419322,-521.3935068341235,7.6042953645810485,0.65530384,89.72185216844082,5.29344,-1.5254872,0.007016053,691.1833,-10.967714,1619.3604,154.00839
640000,1100000,227.3296948876232,700.4971,54148.630693010055,6.9483347,-470.43241267883866,-1760.2722,0.0013255462,1.5798159,-0.039094545,154.43484,-7164.2236,-7.292085,1951.0461,0.6257243,0.35848737,-0.6204656,-1764.991,0,7.7399607,1837.1184,-732.3977,-615.7518522451046,325.3900832571089,-713.34955,159,-7226.6826,31.664104,0.17632167,-603.6168759729647,7.583111985586584,1.3756434,90.47727638389915,5.6713634,-1.5102453,0.013651515,700.50903,-9.95297,1763.4867,154.43484
644000,1105000,228.7891653534025,630.675,54475.135448106565,6.212188,-468.094660324134,-1561.9166,0.004424995,1.4928316,0.1518229,135.1798,-6156.006,-6.3660617,1846.0881,0.8989886,0.23936415,-0.6490164,-1576.0094,0,6.1976376,1649.0687,-693.78174,-593.5471614132308,325.8340367516503,-714.8535,160,-6111.7573,39.017914,0.1650238,-596.866737502323,7.584070769138634,1.1166308,89.46080062910914,5.3079047,-1.5060501,0.022449786,630.867,-7.8129144,1570.8358,135.1798
648000,1110000,232.69258929882199,720.86816,54805.09579461068,6.3713923,-475.58803324252517,-1659.4926,0.008902702,1.4998684,-0.21968243,152.72318,-6907.131,-7.344986,2026.4613,1.5178037,0.4254291,-0.64702094,-1666.1422,0,6.212757,1859.7426,-662.54645,-549.0544468191648,330.3903334653005,-647.09625,161,-6810.588,33.709274,0.17556916,-588.8012804917204,7.565070511773229,0.97313625,90.13267365470529,5.6395354,-1.6779134,0.0045331423,721.167,-10.286657,1663.0387,152.72318
652000,1115000,223.49769014585763,721.5876,55125.54172951728,7.503269,-488.8125193430374,-1884.4078,0.0026411565,1.6275935,0.015352035,151.20868,-6195.7974,-6.874005,1836.6019,0.5720606,0.10863489,-0.6330421,-1886.739,0,6.637685,1750.0074,-746.4092,-555.9457641377862,320.8324272315949,-772.4505,162,-6101.954,47.30413,0.17231412,-572.404929210339,7.631512110121548,0.359937,89.70322497561574,5.686677,-1.5897613,0.0037362636,722.24133,-7.235388,1884.8079,151.20868
656000,1120000,226.99561871681362,773.68616,55449.46011525206,6.858046,-456.33166429709286,-1959.833,0.003148891,1.5881253,-0.02015317,172.24384,-7169.0146,-8.411007,3002.975,0.73977596,0.2456727,-0.62444484,-1954.8828,0,7.8927712,2793.4165,-832.38824,-549.918901147983,323.8848638050258,-840.7296,163,-7161.9526,45.82021,0.16781783,-520.4644123484993,7.571495156735182,1.4892114,89.31774993147701,5.9471526,-1.6306285,0.018758409,774.7155,-8.022157,1957.8398,172.24384
660000,1125000,224.08955813292414,673.10675,55771.84304657299,7.075559,-443.0669218495374,-1894.6722,0.003985227,1.5575616,-0.2827558,152.29541,-5308.613,-6.639745,2230.2947,0.9033946,0.111789286,-0.6290782,-1901.4375,0,5.7233686,2106.6907,-699.4655,-548.0274793545107,321.02035757433623,-675.7081,164,-5251.4585,39.690132,0.1718969,-552.9791212488385,7.578642210923135,1.2858667,89.35215723048896,5.329499,-1.5837069,0.021512471,672.5796,-12.960059,1897.4238,152.29541
664000,1130000,223.2226662877947,612.74664,56093.02875121031,5.5486846,-483.12483224881555,-1612.0479,0.009579524,1.4420799,-0.03403273,152.31734,-5028.392,-7.962393,1802.3661,0.8215915,0.047675073,-0.6215802,-1608.3141,0,6.559217,1705.493,-633.3324,-550.1338981350525,321.5118109462783,-637.36017,165,-5039.0215,58.530556,0.15214378,-572.6302809512068,7.5734014846384525,1.0399214,90.71574317384511,5.1046915,-1.5164635,0.010125582,613.21387,-7.8929133,1611.0808,152.31734
668000,1135000,219.05868701264262,767.6324,56408.86845602095,6.707611,-459.26510257185015,-1769.3074,0.0029776958,1.5629798,0.03416735,177.55414,-5999.8037,-6.9953218,2009.4602,0.8017554,0.069307745,-0.61825997,-1768.6621,0,6.366501,1985.636,-634.1991,-584.3078999902947,317.0371746076271,-613.3226,166,-6079.0366,40.445213,0.18098235,-515.134861767461,7.5882652932778,0.68860096,90.39022230170667,5.715365,-1.5888537,0.005586074,768.4514,-8.714527,1768.8567,177.55414
672000,1140000,226.16668326221406,645.3535,56732.176055916585,6.0417037,-467.39271617687956,-1818.5457,0.0109900925,1.510089,0.0033241063,156.78903,-6564.037,-7.227016,1789.3564,0.8208294,0.35982662,-0.6112722,-1815.64,0,6.0888295,1877.2098,-648.42993,-587.2999330498875,322.91942824516445,-672.0513,167,-6587.251,34.44442,0.17024541,-553.3637118882973,7.558999612927437,1.4366958,89.19374537002295,5.217564,-1.5175467,0.015411961,644.75616,-11.285976,1816.2792,156.78903
676000,1145000,219.6018354576081,705.52716,57048.82238852605,6.457442,-459.4249899292316,-1775.6449,0.006517111,1.5099771,-0.17168736,157.10956,-6428.099,-7.786885,1880.9803,0.5196184,0.41317195,-0.643068,-1768.802,0,6.247033,1816.4508,-674.979,-526.7920609728192,316.7568271867931,-689.0501,168,-6433.2637,42.3649,0.17335877,-603.7847419603779,7.572288115508854,1.2456023,89.58270361367613,5.5569634,-1.5918103,0.014063336,707.0571,-9.213385,1771.7532,157.10956
680000,1150000,223.44048710819334,645.0435,57369.37240623217,6.3209143,-466.2882516599122,-1630.2562,0.0038631,1.5108025,-0.012388444,145.41855,-6675.8003,-6.9729424,2299.5115,0.47804475,0.28020948,-0.63512194,-1634.4485,0,8.50074,2439.2122,-769.83356,-570.0703243929288,320.505040849559,-755.0688,169,-6646.034,43.0441,0.17978303,-588.4825954107133,7.591630302369595,0.48652416,89.47292343899608,5.6666126,-1.5702418,0.006932729,644.521,-8.622835,1632.0968,145.41855
684000,1155000,225.1027942765504,630.32385,57691.51671113167,7.0440283,-473.7598830593879,-1760.2416,0.0027163737,1.5727985,-0.1497864,154.65625,-6332.7295,-8.217645,1687.2903,0.45130163,0.037755728,-0.6183432,-1754.2227,0,6.3095617,1654.681,-578.4977,-530.3072859924553,322.23556659556925,-590.37085,170,-6318.7007,38.91883,0.17465849,-539.7550824228732,7.61401648260653,0.65268916,89.51875583641231,5.567388,-1.6548008,0.005665207,628.65533,-8.211011,1756.8759,154.65625
688000,1160000,228.47146458365023,557.69635,58017.664172651246,5.8680525,-520.8182460574903,-1686.9568,0.0037240882,1.4732149,0.039027777,147.46216,-5572.4346,-6.8670616,1720.7994,0.90637875,0.18210018,-0.6389077,-1674.3977,0,6.866741,1669.9647,-642.9662,-616.8378009001202,325.4969932883978,-664.5029,171,-5602.2827,39.128075,0.1560841,-512.0636617958651,7.597066809423268,0.9644332,89.42846189532429,5.119334,-1.4606266,0.014911112,557.8226,-8.06755,1682.2543,147.46216
692000,1165000,219.59831007011235,574.7511,58334.12456996553,5.939709,-424.79964489007364,-1557.9851,0.0038146493,1.4725019,0.022924984,149.51631,-5128.111,-7.4709234,1598.0452,0.9056988,0.12570053,-0.6311716,-1548.6501,0,7.2343984,1679.4183,-518.0329,-532.6405775335068,317.2237429404631,-531.4129,172,-5129.477,39.684654,0.17664729,-567.1229193090447,7.545562683604658,1.2093458,90.07987018674612,5.0755644,-1.560844,0.0066973427,575.7267,-10.16861,1553.8718,149.51631
696000,1170000,218.554729167372,713.5001,58650.284407406114,7.3020415,-428.47442942654135,-1684.4017,0.0034608315,1.6186532,-0.15728293,157.63133,-7017.5537,-12.75272,2364.8088,0.6568929,0.7805777,-0.627679,-1690.0554,0,7.0469174,2193.78,-680.2453,-502.2498032688436,315.451339523308,-652.99274,173,-7005.3667,58.12188,0.18211228,-589.9610589949468,7.579092079773545,1.1696177,89.31751827616245,6.107826,-1.5204177,0.008091189,713.24457,-8.164366,1686.6868,157.63133
700000,1175000,231.9192553209141,640.8091,58979.056308075786,5.648204,-396.54696952027945,-1693.8018,0.009313698,1.4365817,-0.10791229,143.89496,-6728.0884,-7.379656,1439.9374,0.7960819,-0.07061136,-0.63838017,-1694.6165,0,5.989348,1416.537,-752.69464,-581.4498607268745,329.54364937357605,-744.6839,174,-6858.3755,35.156708,0.18083584,-594.3067780008912,7.597404266707599,0.49705157,90.02698978595436,5.1425753,-1.617276,0.003547483,641.6697,-9.209961,1693.6383,143.89496
704000,1180000,223.18123276811093,739.41504,59299.10037823394,6.471582,-452.4037897486626,-1689.6439,0.0038738928,1.5444555,-0.09615922,148.97177,-6239.1733,-12.752218,1997.388,0.43979287,0.81251466,-0.5921466,-1686.6246,0,6.646211,2050.104,-478.23795,-567.7306737254469,320.00207509472966,-482.7183,175,-6297.763,40.828995,0.16657357,-524.1595128605127,7.564422878436744,1.2697195,89.25641944818199,5.4457603,-1.6115861,0.0038141285,738.6685,-7.9709797,1688.2186,148.97177
708000,1185000,222.70804684329778,592.93036,59619.37644476723,5.4430437,-509.87111299425766,-1695.1344,0.001238581,1.4419372,-0.004375887,139.63666,-4960.678,-6.09498,1720.7988,1.0334704,0.08833319,-0.6257388,-1701.9043,0,6.950105,1634.7852,-827.6951,-611.3611573689479,319.581154380925,-814.3874,176,-4924.744,29.474586,0.17112182,-616.6990679551598,7.573825236409903,0.82710934,89.29928230121732,5.027976,-1.5263861,0.0022759067,591.8833,-9.295958,1699.5107,139.63666
712000,1190000,233.0228086244315,786.5664,59948.968602619134,6.3999357,-445.7045615413729,-1695.7191,0.0023247502,1.5062814,-0.0037463873,158.58426,-6895.346,-6.4099007,2290.545,0.28881162,0.041950762,-0.6394205,-1689.3372,0,6.9365673,2340.5474,-597.0683,-566.2750799898043,330.6082763765007,-608.11896,177,-6947.3994,35.0821,0.18650325,-537.6555423850536,7.59032476413995,0.8582632,89.99514298792928,5.296977,-1.6903056,0.0072601503,787.4177,-9.41227,1692.4305,158.58426
716000,1195000,228.66658452898264,538.7259,60274.38769269362,5.5581417,-499.5833477263039,-1387.4031,0.006354573,1.4427493,0.042594947,135.38414,-6189.307,-5.7805877,1539.304,0.7501696,0.040421307,-0.613552,-1383.988,0,6.7205887,1585.124,-518.03284,-615.1426215608831,325.17806310392916,-534.02344,178,-6263.5996,37.439217,0.17708774,-561.5354882404511,7.531465087085962,0.88520014,88.98001348786056,4.9514346,-1.577827,0.008841107,538.9757,-8.802717,1385.8928,135.38414
720000,1200000,218.58084363024682,674.7143,60589.57103092503,6.100312,-484.0448198407721,-1856.7582,0.0021274956,1.484243,0.16192631,156.09682,-6661.5513,-6.8639183,1718.8514,0.4189281,0.23995507,-0.6256833,-1856.9094,0,7.2029567,1736.816,-721.76495,-550.4347510617627,315.371036821045,-742.6866,179,-6701.641,40.332764,0.19377461,-575.2426411847168,7.5682785930112,0.48968402,89.22191459778696,5.284135,-1.702035,0.002849991,677.32007,-9.824986,1856.0781,156.09682
724000,1205000,225.09667741507292,602.1936,60912.471982830204,6.030103,-519.0006688884087,-1570.7678,0.0021278025,1.4740167,0.059141837,144.4509,-6207.082,-5.589016,1568.7448,0.8921571,0.08574742,-0.64491284,-1588.4697,0,6.098637,1433.1678,-890.9594,-611.271063580448,321.6719760661945,-874.25183,180,-6119.491,42.531883,0.22483408,-546.9406847982536,7.540072907693684,0.7911991,89.03522574342787,4.961909,-1.8610826,0.0047951997,601.309,-9.038841,1582.8601,144.4509
728000,1210000,224.12116440944374,779.7231,61234.12451968063,6.506564,-442.8154880060072,-1890.877,0.0042285207,1.535271,-0.10845061,159.2074,-6462.858,-7.854874,2182.7837,0.9942789,0.33159876,-0.63558245,-1875.4827,0,6.1028905,1896.7444,-667.7282,-488.54089471392393,321.92157078161836,-688.1077,181,-6510.117,36.538994,0.18184115,-560.8350417639539,7.535204159095883,0.79720324,90.26520221307874,5.381143,-1.6206203,0.008749145,780.21655,-9.0026,1885.0664,159.2074
732000,1215000,226.92055523395538,669.4666,61558.53190707881,5.944411,-401.3990988244269,-1741.1364,0.0063578514,1.4695314,0.057509877,145.78629,-6876.9067,-6.335549,1646.5204,0.693332,0.1352188,-0.6529526,-1746.2014,0,6.246038,1651.1517,-764.83923,-467.9734308079877,324.4791993945837,-754.75336,182,-6861.4927,36.383553,0.19780459,-537.3267340156739,7.561289100907743,0.64320767,89.99735505972058,5.387095,-1.7913295,0.004826974,668.94116,-8.137269,1743.6469,145.78629
736000,1220000,220.17774116806686,625.5803,61875.33915863,6.727118,-457.08953685975916,-1686.7854,0.0063895015,1.5339577,-0.14048843,152.7551,-6347.8115,-7.227508,1843.8021,0.55057746,0.11486858,-0.64800584,-1691.4861,0,7.1812267,1791.9813,-700.20886,-572.2312540102938,317.6585856759921,-675.91077,183,-6364.473,56.907654,0.18545038,-494.3082265378553,7.5548565005883574,0.84622794,89.92598800733685,5.313212,-1.6496992,0.007155259,625.1703,-7.67762,1688.2484,152.7551
740000,1225000,224.4369701007381,619.41016,62196.74773185421,5.4776626,-481.6875686991133,-1735.0039,0.0072966465,1.4562916,-0.018243898,126.75812,-6185.3286,-6.8006086,1646.5992,0.69095296,0.13936383,-0.62133473,-1730.2703,0,7.143336,1761.4105,-635.5922,-613.5136799367691,321.05269894283265,-623.94116,184,-6130.5264,56.93701,0.18786095,-566.3132578223426,7.539976032450795,1.087224,89.07575280964375,5.2668705,-1.6993276,0.014859718,619.22424,-9.99702,1732.6351,126.75812
744000,1230000,220.39209972787648,610.67786,62513.69904241525,5.5651565,-404.7662211854812,-1582.6987,0.003296345,1.4511051,-0.09010293,141.52805,-5501.3076,-6.852816,1667.9501,0.5970128,0.13373375,-0.62527144,-1584.3235,0,6.957647,1599.6292,-583.54224,-532.4676942766839,317.3749514007941,-622.6824,185,-5491.0156,41.26574,0.17093535,-568.6633967507713,7.550795438699424,0.61278915,89.43205623421818,5.245043,-1.6360276,0.004621857,611.2139,-9.307383,1583.0006,141.52805
748000,1235000,228.1004766114056,672.503,62838.47940893378,5.9728727,-476.4389176337861,-1786.8698,0.0020179073,1.4854355,0.014131293,146.20279,-6065.2446,-6.2386746,2158.4878,0.7667933,0.13734257,-0.6373314,-1801.9531,0,5.811459,2128.4207,-636.86176,-552.9070158246801,324.63746537454426,-639.14264,186,-6064.6724,38.828087,0.17567976,-591.8427658791056,7.527414435520768,0.3605848,89.00957432761788,5.2044907,-1.8342156,0.0045635635,671.51086,-8.344151,1796.9291,146.20279
752000,1240000,222.84143941663206,694.4544,63158.32378553413,5.8105116,-440.0662283917179,-1403.0416,0.00330262,1.4642401,-0.015559414,154.41608,-6138.4585,-7.7966957,1740.6152,0.6850209,0.27528405,-0.65330696,-1404.247,0,6.187556,1740.6321,-509.39062,-534.2321683982808,319.565576239489,-504.64838,187,-6115.831,39.41571,0.19015783,-568.5664192939076,7.570600271224976,0.87636197,89.15353655163199,5.254777,-1.6762118,0.007381656,692.7102,-9.698393,1402.8424,154.41608
756000,1245000,239.40549559798092,644.1317,63494.41150197107,5.8156238,-392.04771455296736,-1741.071,0.0027782328,1.4540173,-0.12073705,151.6106,-6673.187,-6.533253,1743.8317,1.4734969,0.26418388,-0.6295365,-1730.0986,0,6.2913876,1661.9911,-611.6914,-453.33146844533013,336.3529085358605,-598.7519,188,-6741.8623,32.76173,0.19642341,-554.2281452707437,7.514050482772291,1.3936102,89.43336245510727,5.017237,-1.5917711,0.011320306,643.6385,-6.3045497,1737.4043,151.6106
760000,1250000,222.837850372307,706.76953,63815.16486806236,6.268186,-471.03670904648715,-1633.0789,0.004610007,1.4974854,-0.2303241,140.46654,-6830.514,-9.19875,1798.2109,1.4898584,0.1383214,-0.621895,-1630.2473,0,6.5264535,1722.1034,-691.1706,-585.1467062916629,319.58435846306384,-697.71216,189,-6808.0996,37.97741,0.18047519,-609.0862116046334,7.577183091081679,0.4956557,89.16932499967515,5.5908556,-1.5907516,0.009237612,705.6123,-10.034246,1631.7333,140.46654
764000,1255000,221.19287517201155,707.44354,64132.830261601135,7.3760633,-439.0350967391716,-1816.2117,0.005799819,1.5840771,-0.09805532,163.02985,-5153.5083,-7.909379,1972.8265,0.6585643,0.19292033,-0.6474853,-1821.3119,0,5.894682,1879.2855,-659.6662,-496.7751984636454,319.08173084259033,-683.3265,190,-5153.4165,36.630962,0.2033917,-548.0832680524577,7.54972963873297,0.5085388,90.33912603184581,5.1719613,-1.822183,0.0070680096,706.4298,-7.5369163,1818.4133,163.02985
768000,1260000,230.58450863603503,624.88763,64460.79268479254,6.4474397,-424.4372357219609,-1655.275,0.0026643998,1.519618,-0.07702074,148.75232,-5648.04,-7.761495,2229.4138,0.64408207,0.23022461,-0.6234917,-1666.7614,0,6.4903975,2114.4575,-549.1916,-569.9433321845416,327.0295904427767,-522.6005,191,-5594.0513,45.795143,0.18118997,-580.7847218076615,7.52115932200104,1.0739216,88.92392248474061,5.426188,-1.6308053,0.018073043,624.24097,-8.793544,1662.0289,148.75232
772000,1265000,219.77652984764427,708.1507,64777.30657828599,6.7421045,-429.71661633313664,-1825.4469,0.002862235,1.5323579,-0.16986422,147.43167,-6228.2217,-7.489769,2108.366,0.5130098,0.020600617,-0.6461116,-1815.264,0,6.486983,1974.0918,-714.54834,-490.7494782331403,317.21137816179544,-739.5917,192,-6292.513,44.349075,0.18679827,-526.4356516096306,7.577184909954667,0.80292606,89.8576634041965,5.534504,-1.7274022,0.009936453,709.1164,-10.076057,1821.0826,147.43167
776000,1270000,230.41976747009903,589.5056,65105.25841773022,5.6187205,-498.2943647602106,-1558.3533,0.0038331344,1.4398383,-0.108704664,140.75865,-6520.4067,-9.473871,1657.2822,1.0096892,0.1233564,-0.63823307,-1566.6807,0,6.492285,1560.665,-777.2046,-551.9767082156268,327.81850634142756,-748.745,193,-6490.7246,30.111755,0.18279545,-564.8992973382058,8.236963350325823,0.81265575,89.16177552100271,5.138069,-1.5590246,0.008187328,588.98596,-10.3073,1562.9905,140.75865
780000,1275000,239.45367580652237,650.86694,65441.51079210732,7.2445707,-427.4501958162531,-1789.7076,0.005706104,1.5530076,-0.23253512,135.63467,-6505.0234,-9.517383,1736.432,0.722473,0.08106995,-0.65814674,-1784.7305,0,5.830353,1659.1631,-750.6751,-543.8079330663028,336.3296833494678,-767.93164,194,-6503.6367,51.901443,0.20734382,-587.106001692196,7.580153320915997,0.88451326,89.29585422202945,5.386549,-1.7997743,0.009025027,650.50916,-6.0910234,1786.4934,135.63467
784000,1280000,225.79054167307913,689.69226,65764.17032101937,6.4726133,-447.7705710296258,-1678.5984,0.004305088,1.5133294,-0.15069921,152.54044,-7730.0205,-6.505953,1842.1252,1.032008,0.04940337,-0.6336523,-1666.4006,0,5.825883,1775.8676,-592.78296,-513.0865728606361,322.53696961235255,-614.619,195,-7649.6074,36.93483,0.19340399,-557.9059756096283,7.5266038766130805,0.398909,89.21982406266034,5.2594748,-1.8431573,0.0116092255,688.32196,-8.595713,1673.5289,152.54044
788000,1285000,237.37003907281905,748.29095,66099.11622052733,6.6787615,-440.51410392281264,-1748.3723,0.005072096,1.5342102,-0.088685654,147.35379,-7619.537,-6.4573283,2279.0183,0.7234477,0.11921245,-0.6515678,-1736.3258,0,7.484515,2262.1892,-724.32336,-563.9929424031382,334.25664277002215,-746.8041,196,-7802.3384,56.432568,0.19390161,-523.1152920289754,7.543319385498762,0.52417415,89.34328431170434,5.2444453,-1.7278996,0.012650276,749.5308,-8.302128,1744.1539,147.35379
792000,1290000,235.005702951923,632.56146,66431.8403301835,6.3714533,-452.83583716333334,-1658.5045,0.0017704796,1.5141037,0.055981636,161.29037,-5622.4336,-6.6188216,1700.3606,0.9190093,0.16074902,-0.6155532,-1675.2507,0,6.2924604,1586.463,-623.60535,-537.333049264163,332.57500758580863,-607.37646,197,-5596.744,33.977173,0.18917707,-525.1466468859251,7.535739736631513,1.5004069,90.03356489725411,5.147317,-1.64149,0.011113742,631.22534,-8.385026,1670.4303,161.29037
796000,1295000,219.96018919721246,628.4505,66748.20067439228,6.2663603,-390.44488429112727,-1631.6431,0.0028700847,1.5089147,-0.07649018,157.0861,-4708.448,-6.343038,1409.6736,1.0118587,0.114682734,-0.6252881,-1633.3951,0,6.09946,1424.3938,-657.43427,-487.3687127483862,317.6958151459694,-663.90125,198,-4711.391,33.41844,0.18862957,-598.5584051996759,7.55188097152859,0.81451464,90.18374497722834,5.2991962,-1.766362,0.008459577,628.05804,-8.89496,1632.1934,157.0861
800000,1300000,243.4855480492115,622.9198,67089.20547292847,7.05408,-439.6779726027778,-1777.1797,0.002578168,1.5443991,0.17360373,148.58655,-6307.4683,-5.633515,1902.7289,0.9326142,0.08500868,-0.65643084,-1770.8138,0,6.507375,1783.5809,-556.6379,-545.8817435178865,339.87058631516993,-583.3835,199,-6327.091,35.511997,0.20300661,-542.3880350659468,7.535700058564544,0.865129,88.84933820739388,5.383912,-1.8345689,0.0037876114,621.8376,-9.82144,1773.3864,148.58655
804000,1305000,226.95809022244066,606.436,67413.52940264717,6.5287933,-450.5813559843649,-1659.3802,0.009899092,1.5532684,-0.0485964,140.33795,-4743.4585,-6.298408,2419.923,1.2301033,0.3558619,-0.59905064,-1659.2084,0,7.9201818,2394.4128,-693.48645,-504.8661730975124,324.4864228013903,-704.0463,200,-4786.535,36.121037,0.17183445,-614.7930494187175,7.543723369948566,0.9775878,89.98460920900106,5.296533,-1.4922955,0.004650786,606.3156,-7.4926543,1659.0664,140.33795
808000,1310000,222.68099227827042,715.23065,67733.16007955931,6.8865404,-403.577254846358,-1763.2019,0.0026355267,1.5281959,0.02415284,153.39845,-5192.4614,-7.2581463,1965.3987,0.80448323,0.04306072,-0.67985487,-1766.3777,0,7.0008345,1801.3672,-663.49365,-514.3831856622357,320.04920936375856,-666.4804,201,-5208.2065,40.144966,0.20850007,-525.2405715177888,7.545036462135613,1.4174162,89.82318062335253,5.4500995,-1.919471,0.008246015,713.6555,-6.8210526,1763.1464,153.39845
